Código Soporte;Código Elemento;Empresa;Nombre Comercial Tecnología;Dirección;Localidad;Comuna;Región;Tipo Documento Autorizatorio;Nro. Documento;Fecha Documento;Tipo Soporte;Altura;Frecuencia;Banda;Ancho Banda;Tecnología;Tipo Acceso;Latitud;Longitud;x;y
"11.410";"14.664";CLARO CHILE SPA.;3G;S/D;;Punta Arenas;Región de Magallanes y de la Antártica Chilena;DECRETO NOTIFICADO;231;12/05/2000;Torre Auto Soportada;"34";"1900";UHF;30000;UMTS(3G);WCDMA;53° 9´ 24.500159999999997´´;70° 54´ 57.30012´´;"-70,916";"-53,157"
"14.935";"47.244";ENTEL PCS;2G;LAS CHARCAS, PARCELAS 102-B;;Punta Arenas;Región de Magallanes y de la Antártica Chilena;DECRETO EXENTO NOTIFICADO;766;29/09/2009;Torre Ventada;"36";"1900";UHF;30000;GSM(2G);TDMA;53° 7´ 10´´;70° 56´ 32´´;"-70,942";"-53,119"
"27.095";"13.936";Movistar;2G;Av. España Nº 2139;;Punta Arenas;Región de Magallanes y de la Antártica Chilena;DECRETO NOTIFICADO;572;24/09/2004;Azotea;"11";"1900";UHF;20000;GSM(2G);TDMA;53° 10´ 15.15´´;70° 55´ 25.54´´;"-70,924";"-53,171"
"14.914";"36.053";ENTEL PCS;2G;KM 4,5 SUR RIO LOS CIERVOS;;Punta Arenas;Región de Magallanes y de la Antártica Chilena;DECRETO NOTIFICADO;559;30/06/2008;Torre Ventada;"60";"1900";UHF;30000;GSM(2G);TDMA;53° 11´ 37´´;70° 56´ 45´´;"-70,946";"-53,194"
"14.917";"21.291";ENTEL PCS;2G;AV. BULNES Nº 04800;;Punta Arenas;Región de Magallanes y de la Antártica Chilena;DECRETO NOTIFICADO;643;03/11/2006;Monoposte;"36";"1900";UHF;30000;GSM(2G);TDMA;53° 7´ 33´´;70° 52´ 10´´;"-70,869";"-53,126"
"18.004";"38.790";MOVISTAR MOVIL;2G;Estancia Las Charas;;Río Verde;Región de Magallanes y de la Antártica Chilena;DECRETO EXENTO NOTIFICADO;696;23/08/2010;Torre Auto Soportada;"54";"850";UHF;25000;GSM(2G);TDMA;52° 38´ 52´´;71° 27´ 28´´;"-71,458";"-52,648"
"14.959";"16.650";ENTEL PCS;;PREDIO MIRAMAR S/N, SECTOR SANTA MARÍA;;Porvenir;Región de Magallanes y de la Antártica Chilena;DECRETO NOTIFICADO;579;22/09/2003;Torre Ventada;"60";"1900";UHF;30000;GSM;TDMA;53° 18´ 37.6´´;70° 22´ 40.9´´;"-70,378";"-53,31"
"14.933";"47.224";ENTEL PCS;2G;PARCELA Nº 4, MIRADOR DEL SUR;;Punta Arenas;Región de Magallanes y de la Antártica Chilena;DECRETO EXENTO NOTIFICADO;783;30/09/2009;Torre Ventada;"30";"1900";UHF;30000;GSM(2G);TDMA;53° 8´ 30´´;70° 57´ 17´´;"-70,955";"-53,142"
"14.929";"44.477";ENTEL PCS;2G;AV. BULNES Nº 2235;;Punta Arenas;Región de Magallanes y de la Antártica Chilena;DECRETO EXENTO NOTIFICADO;719;09/09/2009;Monoposte;"30";"1900";UHF;30000;GSM(2G);TDMA;53° 7´ 59´´;70° 52´ 34´´;"-70,876";"-53,133"
"14.929";"42.515";ENTEL PCS;2G;AV. BULNES 3,5 NORTE;;Punta Arenas;Región de Magallanes y de la Antártica Chilena;DECRETO EXENTO NOTIFICADO;268;27/03/2009;Monoposte;"30";"1900";UHF;30000;GSM(2G);TDMA;53° 7´ 59´´;70° 52´ 34´´;"-70,876";"-53,133"
"14.942";"61.002";Movistar;2G;Ruta R-9, Km 13,5. Fundo Los Robles;;Punta Arenas;Región de Magallanes y de la Antártica Chilena;DECRETO NOTIFICADO;398;29/09/2005;Torre Ventada;"48";"1900";UHF;20000;GSM(2G);TDMA;53° 2´ 60´´;70° 51´ 10´´;"-70,853";"-53,05"
"14.949";"14.147";Movistar;2G;Ruta 9, Km 155 carretera a Puerto Natales;;Laguna Blanca;Región de Magallanes y de la Antártica Chilena;DECRETO NOTIFICADO;59;16/01/2006;Torre Ventada;"48";"1900";UHF;20000;GSM(2G);TDMA;52° 7´ 33´´;71° 31´ 36´´;"-71,527";"-52,126"
"18.597";"59.806";Wom;2G/3G;Cancha Rayada N°375;;Punta Arenas;Región de Magallanes y de la Antártica Chilena;DECRETO EXENTO NOTIFICADO;336;17/03/2011;Monoposte;"29";"2100";UHF;30000;GSM(2G)/UMTS(3G);TDMA/WCDMA;53° 9´ 37´´;70° 55´ 55´´;"-70,932";"-53,16"
"17.536";"18.340";Movistar;2G;O'Higgins Nº 1247;;Natales;Región de Magallanes y de la Antártica Chilena;DECRETO NOTIFICADO;302;07/06/2006;Torre Auto Soportada;"30";"850";UHF;25000;GSM(2G);TDMA;51° 48´ 40´´;72° 29´ 28´´;"-72,491";"-51,811"
"14.965";"36.051";ENTEL PCS;2G;ESMERALDA Nº 1096, ESQUINA BALMACEDA;;Natales;Región de Magallanes y de la Antártica Chilena;DECRETO NOTIFICADO;559;30/06/2008;Torre Auto Soportada;"24";"1900";UHF;30000;GSM(2G);TDMA;51° 43´ 35´´;72° 29´ 38´´;"-72,494";"-51,726"
"11.425";"34.453";CLARO CHILE SPA.;2G;Avda. Bulnes Nº 04800;;Punta Arenas;Región de Magallanes y de la Antártica Chilena;DECRETO EXENTO NOTIFICADO;485;09/08/2013;Monoposte;"36";"850";UHF;25000;GSM(2G);TDMA;53° 7´ 32.40012´´;70° 52´ 10.89012´´;"-70,87";"-53,126"
"27.095";"14.209";Movistar;2G;Av. España Nº 2139;;Punta Arenas;Región de Magallanes y de la Antártica Chilena;DECRETO NOTIFICADO;208;25/04/2006;Azotea;"11";"850";UHF;25000;GSM(2G);TDMA;53° 10´ 15.15´´;70° 55´ 25.54´´;"-70,924";"-53,171"
"19.269";"56.221";VTR COMUNICACIONES SPA;3G;Hijuela 14 G-B Cerro Dorotea;;Natales;Región de Magallanes y de la Antártica Chilena;DECRETO EXENTO NOTIFICADO;597;12/07/2019;Torre Auto Soportada;"18";"2100";UHF;30000;UMTS(3G);WCDMA;53° 9´ 28.2´´;70° 54´ 54.6´´;"-70,915";"-53,158"
"20.379";"18.344";Movistar;2G;Predio Miramar s/n, sector Santa María. Provincia Tierra del Fuego;;Porvenir;Región de Magallanes y de la Antártica Chilena;DECRETO NOTIFICADO;302;07/06/2006;Torre Auto Soportada;"60";"850";UHF;25000;GSM(2G);TDMA;53° 18´ 36.9´´;70° 22´ 37.95´´;"-70,377";"-53,31"
"16.328";"14.056";Movistar;2G;"Ruta 9; Km 19,06";;Punta Arenas;Región de Magallanes y de la Antártica Chilena;DECRETO NOTIFICADO;496;02/09/2004;Torre Auto Soportada;"30";"1900";UHF;20000;GSM(2G);TDMA;53° 0´ 36´´;70° 49´ 27´´;"-70,824";"-53,01"
"14.932";"47.546";ENTEL PCS;2G;KM. 8,5, RUTA 9 NORTE Nº 09606;;Punta Arenas;Región de Magallanes y de la Antártica Chilena;DECRETO EXENTO NOTIFICADO;765;29/09/2009;Torre Ventada;"60";"1900";UHF;30000;GSM(2G);TDMA;53° 5´ 16´´;70° 52´ 58´´;"-70,883";"-53,088"
"14.945";"21.844";ENTEL PCS;2G;PLAZA MUÑOZ GAMERO Nº 1039;;Punta Arenas;Región de Magallanes y de la Antártica Chilena;DECRETO NOTIFICADO;812;27/12/2006;Sin Info;"24";"1900";UHF;30000;GSM(2G);TDMA;53° 10´ 2´´;70° 54´ 34´´;"-70,909";"-53,167"
"14.923";"393.364";ENTEL PCS;2G;Coronel José de los Santos Marín N° 1695;;Punta Arenas;Región de Magallanes y de la Antártica Chilena;DECRETO NOTIFICADO;836;30/08/2007;Torre Auto Soportada;"30";"1900";UHF;30000;GSM(2G);TDMA;53° 8´ 5´´;70° 55´ 24´´;"-70,923";"-53,135"
"14.931";"43.649";ENTEL PCS;;AV. LOS FLAMENCOS, PARC. Nº0845, PARCELA D-4;;Punta Arenas;Región de Magallanes y de la Antártica Chilena;DECRETO EXENTO NOTIFICADO;658;31/08/2009;Torre Ventada;"36";"1900";UHF;30000;El Bosque - Circunvalación ;TDMA;53° 7´ 18´´;70° 54´ 22´´;"-70,906";"-53,122"
"14.949";"7828";ENTEL PCS;2G;ESTANCIA PRIMAVERA, SECTOR MORRO CHICO;;Laguna Blanca;Región de Magallanes y de la Antártica Chilena;DECRETO NOTIFICADO;364;19/08/2005;Torre Ventada;"48";"1900";UHF;30000;GSM(2G);TDMA;52° 7´ 33´´;71° 31´ 36´´;"-71,527";"-52,126"
"17.582";"60.808";MOVISTAR MOVIL;2G;"Ruta 9 Norte, Km 13,5; Loteo G Varillas, Parcela 34. Río Seco";;Punta Arenas;Región de Magallanes y de la Antártica Chilena;RES. NOTIFICADA;36;09/01/2007;Torre Auto Soportada;"30";"1900";UHF;10000;GSM(2G);TDMA;53° 3´ 11´´;70° 53´ 41´´;"-70,895";"-53,053"
"14.937";"48.224";ENTEL PCS;2G;PRESIDENTE EDUARDO FREI MONTALVA Nº 0983;;Punta Arenas;Región de Magallanes y de la Antártica Chilena;DECRETO EXENTO NOTIFICADO;1066;13/11/2009;Torre Auto Soportada;"30";"1900";UHF;30000;GSM(2G);TDMA;53° 7´ 58´´;70° 54´ 32´´;"-70,909";"-53,133"
"18.598";"56.619";Wom;2G/3G;Camino Dorotea Km 3, s/n;;Natales;Región de Magallanes y de la Antártica Chilena;DECRETO NOTIFICADO;63;20/04/2010;Torre Auto Soportada;"25";"2100";UHF;30000;GSM(2G)/UMTS(3G);TDMA/WCDMA;51° 42´ 52.6´´;72° 28´ 48.2´´;"-72,48";"-51,715"
"24.743";"14.120";Movistar;2G;Armando Sanhueza Nº 110 - 114;;Punta Arenas;Región de Magallanes y de la Antártica Chilena;DECRETO NOTIFICADO;278;04/07/2005;Torre Auto Soportada;"30";"1900";UHF;20000;GSM(2G);TDMA;53° 9´ 8.2´´;70° 54´ 10.8´´;"-70,903";"-53,152"
"11.410";"19.839";CLARO CHILE SPA.;2G;Patagona N° 825;;Punta Arenas;Región de Magallanes y de la Antártica Chilena;DECRETO NOTIFICADO;566;03/10/2006;Torre Auto Soportada;"34";"850";UHF;25000;GSM(2G);TDMA;53° 9´ 24.500159999999997´´;70° 54´ 57.30012´´;"-70,916";"-53,157"
"14.962";"53.539";ENTEL PCS;2G;Sector Cameron;;Timaukel;Región de Magallanes y de la Antártica Chilena;DECRETO EXENTO NOTIFICADO;335;04/06/2013;Torre Ventada;"36";"1900";UHF;60000;GSM(2G);TDMA;53° 38´ 19´´;69° 38´ 36´´;"-69,643";"-53,639"
"17.631";"18.347";Movistar;2G;Martínez de Aldunate Nº 1471;;Punta Arenas;Región de Magallanes y de la Antártica Chilena;DECRETO NOTIFICADO;302;07/06/2006;Torre Auto Soportada;"36";"850";UHF;25000;GSM(2G);TDMA;53° 9´ 34´´;70° 55´ 55´´;"-70,932";"-53,159"
"11.411";"34.546";CLARO CHILE SPA.;2G;Dr. Oscar Munizaga, S/N;;Punta Arenas;Región de Magallanes y de la Antártica Chilena;DECRETO EXENTO NOTIFICADO;412;04/06/2019;Monoposte;"36";"1900";SHF;30000;GSM(2G);TDMA;53° 8´ 28.489919999999998´´;70° 53´ 52.68984´´;"-70,898";"-53,141"
"11.416";"18.984";CLARO CHILE SPA.;2G;Cerro Mirador s/n;;Punta Arenas;Región de Magallanes y de la Antártica Chilena;DECRETO NOTIFICADO;710;21/11/2006;Torre Auto Soportada;"42";"1900";UHF;30000;GSM(2G);TDMA;53° 9´ 24.990119999999997´´;71° 2´ 27.39012´´;"-71,041";"-53,157"
"11.415";"32.121";CLARO CHILE SPA.;2G;Ruta 9, Km 25, Sector Cabo Negro;;Punta Arenas;Región de Magallanes y de la Antártica Chilena;DECRETO NOTIFICADO;1043;12/11/2007;Torre Auto Soportada;"48";"850";UHF;25000;GSM(2G);TDMA;52° 57´ 11.30004´´;70° 50´ 24´´;"-70,84";"-52,953"
"14.963";"54.127";ENTEL PCS;2G;Sector Pampa Guanaco;;Timaukel;Región de Magallanes y de la Antártica Chilena;DECRETO EXENTO NOTIFICADO;1434;16/11/2011;Torre Ventada;"36";"1900";UHF;30000;GSM(2G);TDMA;54° 2´ 49´´;68° 48´ 12´´;"-68,803";"-54,047"
"11.417";"30.619";CLARO CHILE SPA.;2G;Ruta CH- 255, Km. 105, s/n°;;San Gregorio;Región de Magallanes y de la Antártica Chilena;DECRETO NOTIFICADO;640;05/07/2007;Torre Auto Soportada;"36";"850";UHF;25000;GSM(2G);TDMA;52° 22´ 57´´;69° 45´ 15.289919999999999´´;"-69,754";"-52,382"
"17.749";"13.536";Movistar;2G;Cerro Dorotea s/n;;Natales;Región de Magallanes y de la Antártica Chilena;DECRETO NOTIFICADO;248;14/06/2004;Torre Auto Soportada;"18";"1900";UHF;10000;GSM(2G);FDD/TDMA;51° 40´ 46´´;72° 29´ 28´´;"-72,491";"-51,679"
"14.913";"43.690";ENTEL PCS;2G;AEROPUERTO DE PUNTA ARENAS;;Punta Arenas;Región de Magallanes y de la Antártica Chilena;DECRETO EXENTO NOTIFICADO;284;27/03/2009;Torre Ventada;"30";"1900";UHF;30000;GSM(2G);TDMA;53° 0´ 37´´;70° 49´ 34´´;"-70,826";"-53,01"
"16.505";"12.889";Movistar;2G;Colón N° 680;;Punta Arenas;Región de Magallanes y de la Antártica Chilena;DECRETO NOTIFICADO;24;13/01/2004;Torre Ventada;"36";"1900";UHF;10000;GSM(2G);TDMA;53° 9´ 34´´;70° 54´ 23´´;"-70,906";"-53,159"
"14.933";"47.243";ENTEL PCS;2G;PARCELA Nº 4, MIRADOR DEL SUR;;Punta Arenas;Región de Magallanes y de la Antártica Chilena;DECRETO EXENTO NOTIFICADO;766;29/09/2009;Torre Ventada;"30";"1900";UHF;30000;GSM(2G);TDMA;53° 8´ 30´´;70° 57´ 17´´;"-70,955";"-53,142"
"14.908";"12.192";ENTEL PCS;2G;CO. MIRADOR;;Punta Arenas;Región de Magallanes y de la Antártica Chilena;DECRETO NOTIFICADO;93;10/02/2000;Torre Ventada;"40";"1900";UHF;30000;GSM(2G);TDMA;53° 9´ 24´´;71° 2´ 37´´;"-71,044";"-53,157"
"14.908";"16.077";ENTEL PCS;2G;Cerro Mirador;;Punta Arenas;Región de Magallanes y de la Antártica Chilena;DECRETO NOTIFICADO;141;10/03/2000;Torre Ventada;"40";"1900";UHF;30000;GSM(2G);TDMA;53° 9´ 24´´;71° 2´ 37´´;"-71,044";"-53,157"
"14.912";"36.057";ENTEL PCS;2G;ZENTENO Nº 1325;;Punta Arenas;Región de Magallanes y de la Antártica Chilena;DECRETO NOTIFICADO;559;30/06/2008;Torre Auto Soportada;"24";"1900";UHF;30000;GSM(2G);TDMA;53° 9´ 39´´;70° 55´ 20´´;"-70,922";"-53,161"
"18.596";"59.805";Wom;2G/3G;Av. Presidente Eduardo Frei Montalva N° 0983;;Punta Arenas;Región de Magallanes y de la Antártica Chilena;DECRETO EXENTO NOTIFICADO;336;17/03/2011;Monoposte;"29";"2100";UHF;30000;GSM(2G)/UMTS(3G);TDMA/WCDMA;53° 7´ 58´´;70° 54´ 32´´;"-70,909";"-53,133"
"14.921";"393.365";ENTEL PCS;2G;Gaspar Marín N° 976;;Punta Arenas;Región de Magallanes y de la Antártica Chilena;DECRETO NOTIFICADO;836;30/08/2007;Torre Auto Soportada;"30";"1900";UHF;30000;GSM(2G);TDMA;53° 9´ 40´´;70° 56´ 37´´;"-70,944";"-53,161"
"17.809";"14.133";Movistar;2G;Prolongación Martínez de Aldunate, Parcela 32;;Punta Arenas;Región de Magallanes y de la Antártica Chilena;DECRETO NOTIFICADO;278;04/07/2005;Torre Auto Soportada;"30";"1900";UHF;20000;GSM(2G);TDMA;53° 10´ 37´´;70° 56´ 52´´;"-70,948";"-53,177"
"17.809";"18.346";Movistar;2G;Prolongación Martínez de Aldunate, Parcela 32;;Punta Arenas;Región de Magallanes y de la Antártica Chilena;DECRETO NOTIFICADO;302;07/06/2006;Torre Auto Soportada;"30";"850";UHF;25000;GSM(2G);TDMA;53° 10´ 37´´;70° 56´ 52´´;"-70,948";"-53,177"
"16.473";"44.053";MOVISTAR MOVIL;2G;Av. Bulnes Nº 04800;;Punta Arenas;Región de Magallanes y de la Antártica Chilena;DECRETO EXENTO NOTIFICADO;266;27/03/2009;Torre Auto Soportada;"30";"850";UHF;25000;GSM(2G); ;53° 7´ 32´´;70° 52´ 8´´;"-70,869";"-53,126"
"11.411";"34.565";CLARO CHILE SPA.;2G;Dr. Oscar Munizaga, S/N;;Punta Arenas;Región de Magallanes y de la Antártica Chilena;DECRETO NOTIFICADO;415;22/04/2008;Monoposte;"36";"850";UHF;25000;GSM(2G);TDMA;53° 8´ 28.489919999999998´´;70° 53´ 52.68984´´;"-70,898";"-53,141"
"14.914";"56.512";MOVISTAR MOVIL;2G;Prolongación 21 de mayo,camino fuerte Bulnes km 4 1/2 sur;;Punta Arenas;Región de Magallanes y de la Antártica Chilena;DECRETO EXENTO NOTIFICADO;535;11/04/2011;Torre Ventada;"60";"850";UHF;25000;GSM(2G);TDMA;53° 11´ 37´´;70° 56´ 45´´;"-70,946";"-53,194"
"11.417";"18.980";CLARO CHILE SPA.;2G;Ruta CH-255,        Km. 105;;San Gregorio;Región de Magallanes y de la Antártica Chilena;DECRETO NOTIFICADO;710;21/11/2006;Torre Auto Soportada;"36";"1900";UHF;30000;GSM(2G);TDMA;52° 22´ 57´´;69° 45´ 15.289919999999999´´;"-69,754";"-52,382"
"16.328";"14.206";Movistar;2G;"Ruta 9; Km 19,06";;Punta Arenas;Región de Magallanes y de la Antártica Chilena;DECRETO NOTIFICADO;208;25/04/2006;Torre Auto Soportada;"30";"850";UHF;25000;GSM(2G);TDMA;53° 0´ 36´´;70° 49´ 27´´;"-70,824";"-53,01"
"16.606";"50.096";MOVISTAR MOVIL;2G;Sur Oriente de la Villa Cerro Castillo;;Torres del Paine;Región de Magallanes y de la Antártica Chilena;DECRETO EXENTO NOTIFICADO;587;01/07/2010;Torre Ventada;"18";"1900";UHF;30000;GSM(2G);TDMA;51° 15´ 28´´;72° 20´ 32´´;"-72,342";"-51,258"
"14.919";"392.273";ENTEL PCS;2G;AV COLON N° 900;;Punta Arenas;Región de Magallanes y de la Antártica Chilena;DECRETO NOTIFICADO;472;29/05/2007;Cielo Raso;"0";"1900";UHF;30000;GSM(2G);TDMA;53° 9´ 39´´;70° 54´ 11´´;"-70,903";"-53,161"
"11.421";"50.128";CLARO CHILE SPA.;2G;Ruta Puerto Natales - Punta Arenas Km. 7,2, Sector Mirador Dorotea;;Natales;Región de Magallanes y de la Antártica Chilena;DECRETO EXENTO NOTIFICADO;39;17/01/2017;Torre Ventada;"24";"850";UHF;25000;GSM(2G);TDMA;51° 40´ 47.600004´´;72° 26´ 15.3´´;"-72,438";"-51,68"
"14.923";"31.577";ENTEL PCS;2G/4G;CORONEL JOSÉ DE LOS SANTOS MARDONES Nº 1695;;Punta Arenas;Región de Magallanes y de la Antártica Chilena;DECRETO EXENTO NOTIFICADO;429;14/05/2018;Torre Auto Soportada;"30";"1900";UHF;30000;LTE(4G)/GSM(2G);FDD;53° 8´ 5´´;70° 55´ 24´´;"-70,923";"-53,135"
"14.939";"56.968";ENTEL PCS;2G;PARCELA SAN SEBASTIAN, LOTE 39, SECTOR OJO BUENO.;;Punta Arenas;Región de Magallanes y de la Antártica Chilena;DECRETO EXENTO NOTIFICADO;461;06/04/2011;Torre Ventada;"21";"1900";UHF;30000;GSM(2G);TDMA;53° 2´ 13´´;70° 53´ 39´´;"-70,894";"-53,037"
"14.957";"19.671";ENTEL PCS;2G;CALLE VÍA DOS (CAPDEVILLE) S/N, LOCALIDAD PUERTO WILLIAMS;;CABO DE HORNOS;Región de Magallanes y de la Antártica Chilena;DECRETO NOTIFICADO;487;06/12/2005;Torre Ventada;"48";"1900";UHF;30000;GSM(2G);TDMA;54° 56´ 17´´;67° 36´ 34´´;"-67,609";"-54,938"
"14.942";"18.343";Movistar;2G;Ruta R-9, Km 13,5. Fundo Los Robles;;Punta Arenas;Región de Magallanes y de la Antártica Chilena;DECRETO NOTIFICADO;302;07/06/2006;Torre Ventada;"48";"850";UHF;25000;GSM(2G);TDMA;53° 2´ 60´´;70° 51´ 10´´;"-70,853";"-53,05"
"17.154";"39.941";MOVISTAR MOVIL;2G;Jorge Montt Nº 146 - 156;;Punta Arenas;Región de Magallanes y de la Antártica Chilena;DECRETO NOTIFICADO;730;11/09/2008;Monoposte;"30";"1900";UHF;20000;GSM(2G);TDMA;53° 9´ 22´´;70° 53´ 38´´;"-70,894";"-53,156"
"17.660";"38.789";MOVISTAR MOVIL;2G;"Ruta Ch255, Km106; Cerro Kamiri Aike";;San Gregorio;Región de Magallanes y de la Antártica Chilena;DECRETO EXENTO NOTIFICADO;696;23/08/2010;Torre Auto Soportada;"42";"850";UHF;25000;GSM(2G);TDMA;52° 23´ 1´´;69° 45´ 18´´;"-69,755";"-52,384"
"11.436";"51.113";CLARO CHILE SPA.;2G;Prolongación Calle Mardones s/n, Parcela 110, Sector Pampa Redonda;;Punta Arenas;Región de Magallanes y de la Antártica Chilena;DECRETO EXENTO NOTIFICADO;505;09/08/2013;Torre Auto Soportada;"36";"1900";UHF;30000;GSM(2G);TDMA;53° 7´ 4.100016´´;70° 56´ 36.9´´;"-70,944";"-53,118"
"14.943";"58.739";ENTEL PCS;2G;ARMANDO SANHUEZA Nº 114;;Punta Arenas;Región de Magallanes y de la Antártica Chilena;DECRETO EXENTO NOTIFICADO;491;07/04/2011;Sin Info;"24";"1900";UHF;30000;GSM(2G);TDMA;53° 9´ 8´´;70° 54´ 10´´;"-70,903";"-53,152"
"27.095";"11.816";MOVISTAR MOVIL;2G;Av. España Nº 2139;;Punta Arenas;Región de Magallanes y de la Antártica Chilena;DECRETO NOTIFICADO;89;22/02/2006;Azotea;"11";"1900";UHF;10000;GSM(2G);TDMA;53° 10´ 15.15´´;70° 55´ 25.54´´;"-70,924";"-53,171"
"11.415";"32.106";CLARO CHILE SPA.;2G;Ruta 9, Km 25, Sector Cabo Negro;;Punta Arenas;Región de Magallanes y de la Antártica Chilena;DECRETO NOTIFICADO;1071;12/11/2007;Torre Auto Soportada;"48";"1900";UHF;30000;GSM(2G);TDMA;52° 57´ 11.30004´´;70° 50´ 24´´;"-70,84";"-52,953"
"14.927";"35.178";ENTEL PCS;2G;AVENIDA JOSE IGNACIO ZENTENO Nº 0406;;Punta Arenas;Región de Magallanes y de la Antártica Chilena;DECRETO NOTIFICADO;310;14/04/2008;Monoposte;"27";"1900";UHF;30000;GSM(2G);TDMA;53° 8´ 41´´;70° 54´ 7´´;"-70,902";"-53,145"
"14.938";"36.749";ENTEL PCS;2G;JUAN WILLIAMS Nº 06503;;Punta Arenas;Región de Magallanes y de la Antártica Chilena;DECRETO EXENTO NOTIFICADO;883;11/11/2009;Torre Auto Soportada;"36";"1900";UHF;30000;GSM(2G);TDMA;53° 6´ 49´´;70° 52´ 41´´;"-70,878";"-53,114"
"14.966";"7835";ENTEL PCS;;CERRO DOROTEA;;Natales;Región de Magallanes y de la Antártica Chilena;DECRETO NOTIFICADO;206;30/06/2005;Torre Ventada;"30";"1900";UHF;30000;GSM;TDMA;51° 40´ 49´´;72° 26´ 16´´;"-72,438";"-51,68"
"14.915";"16.692";ENTEL PCS;2G;PARCELA 78 Y 79, SECTOR LOTEO VARILLAS;;Punta Arenas;Región de Magallanes y de la Antártica Chilena;DECRETO NOTIFICADO;366;29/08/2005;Torre Ventada;"60";"1900";UHF;30000;GSM(2G);TDMA;53° 3´ 26´´;70° 52´ 26´´;"-70,874";"-53,057"
"14.922";"31.579";ENTEL PCS;2G/4G;RÓMULO CORREA Nº 1108;;Punta Arenas;Región de Magallanes y de la Antártica Chilena;DECRETO EXENTO NOTIFICADO;747;06/07/2018;Monoposte;"30";"1900";UHF;30000;LTE(4G)/GSM(2G);WCDMA;53° 9´ 17´´;70° 53´ 31´´;"-70,892";"-53,155"
"14.920";"31.576";ENTEL PCS;2G/4G;AV. ESPAÑA Nº 2353;;Punta Arenas;Región de Magallanes y de la Antártica Chilena;DECRETO EXENTO NOTIFICADO;747;06/07/2018;Monoposte;"24";"1900";UHF;30000;LTE(4G)/GSM(2G);WCDMA;53° 10´ 22´´;70° 55´ 31´´;"-70,925";"-53,173"
"19.270";"56.222";VTR MOVIL;3G;José Menéndez  N°206;;Punta Arenas;Región de Magallanes y de la Antártica Chilena;DECRETO NOTIFICADO;67;30/04/2010;Torre Ventada;"21";"2100";UHF;30000;UMTS(3G);WCDMA;51° 40´ 50.1´´;72° 26´ 17.5´´;"-72,438";"-51,681"
"14.913";"43.776";ENTEL PCS;2G;AEROPUERTO DE PUNTA ARENAS;;Punta Arenas;Región de Magallanes y de la Antártica Chilena;DECRETO EXENTO NOTIFICADO;293;27/03/2009;Torre Ventada;"30";"1900";UHF;30000;GSM(2G);TDMA;53° 0´ 37´´;70° 49´ 34´´;"-70,826";"-53,01"
"17.004";"14.229";Movistar;2G;Av. Eduardo Frei Montalva N° 0983;;Punta Arenas;Región de Magallanes y de la Antártica Chilena;DECRETO NOTIFICADO;208;25/04/2006;Torre Auto Soportada;"30";"850";UHF;25000;GSM(2G);TDMA;53° 7´ 58´´;70° 54´ 32´´;"-70,909";"-53,133"
"14.953";"7836";ENTEL PCS;2G;RECINTO ENAP, SECTOR SAN GREGORIO;;San Gregorio;Región de Magallanes y de la Antártica Chilena;DECRETO NOTIFICADO;206;30/06/2005;Torre Ventada;"43";"1900";UHF;30000;GSM(2G);TDMA;52° 38´ 11´´;70° 12´ 35´´;"-70,21";"-52,636"
"17.582";"18.345";Movistar;2G;"Ruta 9 Norte, Km 13,5; Loteo G Varillas, Parcela 34. Río Seco";;Punta Arenas;Región de Magallanes y de la Antártica Chilena;DECRETO NOTIFICADO;302;07/06/2006;Torre Auto Soportada;"30";"850";UHF;25000;GSM(2G);TDMA;53° 3´ 11´´;70° 53´ 41´´;"-70,895";"-53,053"
"14.955";"7829";ENTEL PCS;2G;CERRO KIMIRI AIKE, SECTOR SAN GREGORIO;;San Gregorio;Región de Magallanes y de la Antártica Chilena;DECRETO EXENTO NOTIFICADO;481;28/07/2017;Torre Auto Soportada;"24";"1900";UHF;30000;GSM(2G);TDMA;52° 23´ 2´´;69° 45´ 20´´;"-69,756";"-52,384"
"14.937";"48.248";ENTEL PCS;2G;PRESIDENTE EDUARDO FREI MONTALVA Nº 0983;;Punta Arenas;Región de Magallanes y de la Antártica Chilena;DECRETO EXENTO NOTIFICADO;879;11/11/2009;Torre Auto Soportada;"30";"1900";UHF;30000;GSM(2G);TDMA;53° 7´ 58´´;70° 54´ 32´´;"-70,909";"-53,133"
"14.921";"31.578";ENTEL PCS;2G/4G;GASPAR MARÍN Nº 976;;Punta Arenas;Región de Magallanes y de la Antártica Chilena;DECRETO EXENTO NOTIFICADO;747;06/07/2018;Torre Auto Soportada;"30";"1900";UHF;30000;LTE(4G)/GSM(2G);WCDMA;53° 9´ 40´´;70° 56´ 37´´;"-70,944";"-53,161"
"17.660";"14.514";Movistar;2G;"Ruta Ch255, Km106; Cerro Kamiri Aike";;San Gregorio;Región de Magallanes y de la Antártica Chilena;DECRETO NOTIFICADO;95;24/02/2005;Torre Auto Soportada;"42";"1900";UHF;20000;GSM(2G);TDMA;52° 23´ 1´´;69° 45´ 18´´;"-69,755";"-52,384"
"14.911";"36.056";ENTEL PCS;2G;AVENIDA ESPAÑA S/N;;Punta Arenas;Región de Magallanes y de la Antártica Chilena;DECRETO NOTIFICADO;559;30/06/2008;Torre Auto Soportada;"36";"1900";UHF;30000;GSM(2G);TDMA;53° 8´ 16´´;70° 53´ 19´´;"-70,889";"-53,138"
"17.631";"14.132";Movistar;2G;Martínez de Aldunate Nº 1471;;Punta Arenas;Región de Magallanes y de la Antártica Chilena;DECRETO NOTIFICADO;278;04/07/2005;Torre Auto Soportada;"36";"1900";UHF;20000;GSM(2G);TDMA;53° 9´ 34´´;70° 55´ 55´´;"-70,932";"-53,159"
"11.431";"42.601";CLARO CHILE SPA.;2G;Gaspar Marín Nº 0976;;Punta Arenas;Región de Magallanes y de la Antártica Chilena;DECRETO EXENTO NOTIFICADO;508;28/07/2014;Torre Auto Soportada;"36";"850";UHF;25000;GSM(2G);TDMA;53° 9´ 40.60008´´;70° 56´ 38.10012´´;"-70,944";"-53,161"
"11.429";"45.802";CLARO CHILE SPA.;2G;Av. Colon N° 1290;;Punta Arenas;Región de Magallanes y de la Antártica Chilena;DECRETO EXENTO NOTIFICADO;35;11/01/2012;Azotea;"30";"1900";UHF;30000;GSM(2G);TDMA;53° 9´ 47.09016´´;70° 53´ 46.38984´´;"-70,896";"-53,163"
"14.914";"16.691";ENTEL PCS;2G;KM 4,5 SUR RIO LOS CIERVOS;;Punta Arenas;Región de Magallanes y de la Antártica Chilena;DECRETO NOTIFICADO;750;27/12/2004;Torre Ventada;"60";"1900";UHF;30000;GSM(2G);TDMA;53° 11´ 37´´;70° 56´ 45´´;"-70,946";"-53,194"
"14.917";"44.600";ENTEL PCS;2G;AV. BULNES Nº 2235;;Punta Arenas;Región de Magallanes y de la Antártica Chilena;DECRETO EXENTO NOTIFICADO;666;26/09/2017;Monoposte;"36";"1900";UHF;30000;GSM(2G);TDMA;53° 7´ 33´´;70° 52´ 10´´;"-70,869";"-53,126"
"14.917";"18.342";Movistar;2G;Av. Bulnes Nº 04800;;Punta Arenas;Región de Magallanes y de la Antártica Chilena;DECRETO NOTIFICADO;302;07/06/2006;Monoposte;"36";"850";UHF;25000;GSM(2G);TDMA;53° 7´ 33´´;70° 52´ 10´´;"-70,869";"-53,126"
"18.599";"56.620";Wom;2G/3G;Cerro Mirador;;Punta Arenas;Región de Magallanes y de la Antártica Chilena;DECRETO NOTIFICADO;63;20/04/2010;Torre Ventada;"35";"2100";UHF;30000;GSM(2G)/UMTS(3G);TDMA/WCDMA;53° 9´ 25.900000000000002´´;71° 2´ 39.4´´;"-71,044";"-53,157"
"18.599";"57.001";Wom;;Cerro Mirador;;Punta Arenas;Región de Magallanes y de la Antártica Chilena;DECRETO EXENTO NOTIFICADO;1079;25/11/2010;Torre Ventada;"35";"2100";UHF;30000;;;53° 9´ 25.900000000000002´´;71° 2´ 39.4´´;"-71,044";"-53,157"
"16.971";"30.031";Movistar;2G;Calle Roca N° 953;;Punta Arenas;Región de Magallanes y de la Antártica Chilena;DECRETO NOTIFICADO;540;12/06/2007;Monoposte;"30";"850";UHF;25000;GSM(2G);TDMA;53° 9´ 52´´;70° 54´ 20´´;"-70,906";"-53,164"
"17.493";"13.502";Movistar;2G;Cerro Mirador s/n, Club Andino;;Punta Arenas;Región de Magallanes y de la Antártica Chilena;DECRETO NOTIFICADO;248;14/06/2004;Torre Auto Soportada;"42";"1900";UHF;10000;GSM(2G);FDD/TDMA;53° 9´ 26´´;71° 2´ 40´´;"-71,044";"-53,157"
"14.932";"47.589";ENTEL PCS;2G;KM. 8,5, RUTA 9 NORTE Nº 09606;;Punta Arenas;Región de Magallanes y de la Antártica Chilena;DECRETO EXENTO NOTIFICADO;710;09/09/2009;Torre Ventada;"60";"1900";UHF;30000;GSM(2G);TDMA;53° 5´ 16´´;70° 52´ 58´´;"-70,883";"-53,088"
"17.467";"59.134";MOVISTAR MOVIL;2G;Coronel José de los Santos Mardones Nº 01695;;Punta Arenas;Región de Magallanes y de la Antártica Chilena;DECRETO EXENTO NOTIFICADO;1302;25/10/2011;Torre Auto Soportada;"26";"850";UHF;25000;GSM(2G);TDMA;53° 8´ 4´´;70° 55´ 19´´;"-70,922";"-53,134"
"14.916";"11.815";MOVISTAR MOVIL;2G;Al Llegar A Terminal Cabo Negro;;Punta Arenas;Región de Magallanes y de la Antártica Chilena;DECRETO EXENTO NOTIFICADO;338;04/06/2013;Torre Auto Soportada;"42";"1900";UHF;10000;GSM(2G);TDMA;52° 56´ 36´´;70° 49´ 11´´;"-70,82";"-52,943"
"14.912";"16.421";ENTEL PCS;;ZENTENO Nº 1325;;Punta Arenas;Región de Magallanes y de la Antártica Chilena;DECRETO EXENTO NOTIFICADO;653;13/06/2018;Torre Auto Soportada;"24";"1900";UHF;30000;GSM;TDMA;53° 9´ 39´´;70° 55´ 20´´;"-70,922";"-53,161"
"18.598";"57.000";Wom;;Camino Dorotea Km 3, s/n;;Natales;Región de Magallanes y de la Antártica Chilena;DECRETO EXENTO NOTIFICADO;1079;25/11/2010;Torre Auto Soportada;"25";"2100";UHF;30000;;;51° 42´ 52.6´´;72° 28´ 48.2´´;"-72,48";"-51,715"
"18.323";"18.341";Movistar;2G;"Ruta 9, Km 96; Estancia Puro Chile. Cerro Mirador ";;Laguna Blanca;Región de Magallanes y de la Antártica Chilena;DECRETO NOTIFICADO;302;07/06/2006;Torre Auto Soportada;"36";"850";UHF;25000;GSM(2G);TDMA;52° 22´ 36.43´´;71° 28´ 57.9´´;"-71,483";"-52,377"
"14.962";"54.126";ENTEL PCS;2G;Sector Cameron;;Timaukel;Región de Magallanes y de la Antártica Chilena;DECRETO EXENTO NOTIFICADO;1435;16/11/2011;Torre Ventada;"36";"1900";UHF;30000;GSM(2G);TDMA;53° 38´ 19´´;69° 38´ 36´´;"-69,643";"-53,639"
"19.271";"56.223";VTR MOVIL;3G;Parcela S/N  Sector Miramar;;Porvenir;Región de Magallanes y de la Antártica Chilena;DECRETO NOTIFICADO;67;30/04/2010;Torre Auto Soportada;"60";"2100";UHF;30000;UMTS(3G);WCDMA;53° 18´ 36.2´´;70° 22´ 41.5´´;"-70,378";"-53,31"
"14.928";"35.411";ENTEL PCS;2G;JOSÉ MARTÍNEZ DE ALDUNATE Nº 2902;;Punta Arenas;Región de Magallanes y de la Antártica Chilena;DECRETO NOTIFICADO;382;16/04/2008;Torre Ventada;"36";"1900";UHF;30000;GSM(2G);TDMA;53° 10´ 20´´;70° 56´ 45´´;"-70,946";"-53,172"
"14.928";"35.179";ENTEL PCS;2G;Martinez Aldunate Nº 2902;;Punta Arenas;Región de Magallanes y de la Antártica Chilena;DECRETO EXENTO NOTIFICADO;430;14/05/2018;Torre Ventada;"36";"1900";UHF;30000;GSM(2G);FDD;53° 10´ 20´´;70° 56´ 45´´;"-70,946";"-53,172"
"17.053";"41.633";MOVISTAR MOVIL;;Manuel Aguilar Nº 01776;;Punta Arenas;Región de Magallanes y de la Antártica Chilena;DECRETO EXENTO NOTIFICADO;167;29/01/2009;Monoposte;"30";"1900";UHF;30000;GSM;TDMA;53° 8´ 44´´;70° 56´ 22´´;"-70,939";"-53,146"
"14.938";"36.824";ENTEL PCS;2G;Juan Williams N°06503;;Punta Arenas;Región de Magallanes y de la Antártica Chilena;DECRETO EXENTO NOTIFICADO;523;12/06/2018;Torre Auto Soportada;"36";"1900";UHF;30000;GSM(2G);TDMA;53° 6´ 49´´;70° 52´ 41´´;"-70,878";"-53,114"
"14.963";"49.457";ENTEL PCS;2G;LOCALIDAD DE PAMPA GUANACO;;Timaukel;Región de Magallanes y de la Antártica Chilena;RES. NOTIFICADA;5667;21/10/2009;Torre Ventada;"36";"1900";UHF;30000;GSM(2G);TDMA;54° 2´ 49´´;68° 48´ 12´´;"-68,803";"-54,047"
"14.961";"14.218";Movistar;2G;"Ruta 257 Km 211,5; Sitio 11 - Manzana H. Cerro Sombrero";;Primavera;Región de Magallanes y de la Antártica Chilena;DECRETO NOTIFICADO;208;25/04/2006;Torre Ventada;"42";"850";UHF;25000;GSM(2G);TDMA;52° 46´ 29´´;69° 17´ 27´´;"-69,291";"-52,775"
"11.412";"32.120";CLARO CHILE SPA.;2G;Ruta 9 Norte s/n, Sector Aeropuerto;;Punta Arenas;Región de Magallanes y de la Antártica Chilena;DECRETO NOTIFICADO;1043;12/11/2007;Torre Auto Soportada;"33";"850";UHF;25000;GSM(2G);TDMA;53° 0´ 36.20016´´;70° 49´ 24.30012´´;"-70,823";"-53,01"
"14.917";"36.052";ENTEL PCS;2G;AV. BULNES Nº 04800;;Punta Arenas;Región de Magallanes y de la Antártica Chilena;DECRETO NOTIFICADO;559;30/06/2008;Monoposte;"36";"1900";UHF;30000;GSM(2G);TDMA;53° 7´ 33´´;70° 52´ 10´´;"-70,869";"-53,126"
"14.913";"49.465";ENTEL PCS;2G;BAHÍA CATALINA S/N, INTERIOR BASE AÉREA FACH;;Punta Arenas;Región de Magallanes y de la Antártica Chilena;DECRETO EXENTO NOTIFICADO;236;19/02/2010;Torre Ventada;"30";"1900";UHF;30000;GSM(2G);TDMA;53° 0´ 37´´;70° 49´ 34´´;"-70,826";"-53,01"
"11.422";"51.108";CLARO CHILE SPA.;2G;Ruta 9 Norte Km. 8,5 N° 09606, Sector Barranco Amarillo;;Punta Arenas;Región de Magallanes y de la Antártica Chilena;DECRETO EXENTO NOTIFICADO;630;08/07/2015;Torre Auto Soportada;"42";"850";UHF;25000;GSM(2G);TDMA;53° 5´ 17.0016´´;70° 52´ 59.9988´´;"-70,883";"-53,088"
"14.931";"43.750";ENTEL PCS;2G;AV. LOS FLAMENCOS, PARC. Nº0845, PARCELA D-4;;Punta Arenas;Región de Magallanes y de la Antártica Chilena;DECRETO EXENTO NOTIFICADO;292;27/03/2009;Torre Ventada;"36";"1900";UHF;30000;GSM(2G);TDMA;53° 7´ 18´´;70° 54´ 22´´;"-70,906";"-53,122"
"14.942";"60.736";ENTEL PCS;2G;KM. 14, RUTA 9 NORTE LOTE 17;;Punta Arenas;Región de Magallanes y de la Antártica Chilena;DECRETO EXENTO NOTIFICADO;1393;03/11/2011;Torre Ventada;"48";"1900";UHF;30000;GSM(2G);TDMA;53° 2´ 60´´;70° 51´ 10´´;"-70,853";"-53,05"
"14.908";"394.148";ENTEL PCS;2G;Punta Arenas;;Punta Arenas;Región de Magallanes y de la Antártica Chilena;DECRETO NOTIFICADO;146;14/04/1997;Torre Ventada;"40";"1900";UHF;30000;GSM(2G);TDMA;53° 9´ 24´´;71° 2´ 37´´;"-71,044";"-53,157"
"14.916";"7830";ENTEL PCS;2G;RECINTO ENAP, SECTOR CABO NEGRO;;Punta Arenas;Región de Magallanes y de la Antártica Chilena;DECRETO NOTIFICADO;364;19/08/2005;Torre Auto Soportada;"42";"1900";UHF;30000;GSM(2G);TDMA;52° 56´ 36´´;70° 49´ 11´´;"-70,82";"-52,943"
"14.935";"47.225";ENTEL PCS;2G;LAS CHARCAS, PARCELAS 102-B;;Punta Arenas;Región de Magallanes y de la Antártica Chilena;DECRETO EXENTO NOTIFICADO;783;30/09/2009;Torre Ventada;"36";"1900";UHF;30000;GSM(2G);TDMA;53° 7´ 10´´;70° 56´ 32´´;"-70,942";"-53,119"
"14.914";"56.509";MOVISTAR MOVIL;2G;Prolongación 21 de mayo,camino fuerte Bulnes km 4 1/2 sur;;Punta Arenas;Región de Magallanes y de la Antártica Chilena;DECRETO EXENTO NOTIFICADO;533;11/04/2011;Torre Ventada;"60";"1900";UHF;30000;GSM(2G);TDMA;53° 11´ 37´´;70° 56´ 45´´;"-70,946";"-53,194"
"14.954";"7834";ENTEL PCS;2G;RECINTO ENAP, SECTOR POSESIÓN;;San Gregorio;Región de Magallanes y de la Antártica Chilena;DECRETO NOTIFICADO;206;30/06/2005;Sin Info;"0";"1900";UHF;30000;GSM(2G);TDMA;52° 15´ 44´´;68° 56´ 30´´;"-68,942";"-52,262"
"14.915";"36.054";ENTEL PCS;2G;PARCELA 78 Y 79, LOTE VARILLAS;;Punta Arenas;Región de Magallanes y de la Antártica Chilena;DECRETO NOTIFICADO;559;30/06/2008;Torre Ventada;"60";"1900";UHF;30000;GSM(2G);TDMA;53° 3´ 26´´;70° 52´ 26´´;"-70,874";"-53,057"
"14.922";"393.366";ENTEL PCS;2G;Rómulo Correa N° 1108;;Punta Arenas;Región de Magallanes y de la Antártica Chilena;DECRETO NOTIFICADO;836;30/08/2007;Monoposte;"30";"1900";UHF;30000;GSM(2G);TDMA;53° 9´ 17´´;70° 53´ 31´´;"-70,892";"-53,155"
"14.920";"393.363";ENTEL PCS;2G;Av. España N° 2353;;Punta Arenas;Región de Magallanes y de la Antártica Chilena;DECRETO NOTIFICADO;836;30/08/2007;Monoposte;"24";"1900";UHF;30000;GSM(2G);TDMA;53° 10´ 22´´;70° 55´ 31´´;"-70,925";"-53,173"
"14.913";"16.683";ENTEL PCS;2G;BAHÍA CATALINA S/N, INTERIOR BASE AÉREA FACH;;Punta Arenas;Región de Magallanes y de la Antártica Chilena;DECRETO NOTIFICADO;597;21/08/2002;Torre Ventada;"30";"1900";UHF;30000;GSM(2G);TDMA;53° 0´ 37´´;70° 49´ 34´´;"-70,826";"-53,01"
"17.004";"11.819";MOVISTAR MOVIL;2G;Av. Eduardo Frei Montalva N° 0983;;Punta Arenas;Región de Magallanes y de la Antártica Chilena;DECRETO NOTIFICADO;89;22/02/2006;Torre Auto Soportada;"30";"1900";UHF;10000;GSM(2G);TDMA;53° 7´ 58´´;70° 54´ 32´´;"-70,909";"-53,133"
"17.004";"13.958";MOVISTAR MOVIL;2G;Av. Eduardo Frei Montalva N° 0983;;Punta Arenas;Región de Magallanes y de la Antártica Chilena;DECRETO EXENTO NOTIFICADO;337;04/06/2013;Torre Auto Soportada;"30";"1900";UHF;20000;GSM(2G);TDMA;53° 7´ 58´´;70° 54´ 32´´;"-70,909";"-53,133"
"11.437";"385.870";CLARO CHILE SPA.;2G;Prolongación General del Canto, Parcela N° 4, Sector Mirador Sur;;Punta Arenas;Región de Magallanes y de la Antártica Chilena;DECRETO EXENTO NOTIFICADO;1204;14/09/2011;Torre Auto Soportada;"30";"1900";UHF;30000;GSM(2G);TDMA;53° 8´ 33.6012´´;70° 57´ 23.000400000000003´´;"-70,956";"-53,143"
"11.418";"30.620";CLARO CHILE SPA.;2G;Boliviana N° 738;;Punta Arenas;Región de Magallanes y de la Antártica Chilena;DECRETO NOTIFICADO;640;05/07/2007;Monoposte;"30";"850";UHF;25000;GSM(2G);TDMA;53° 9´ 59.78988´´;70° 54´ 44.88984´´;"-70,912";"-53,167"
"14.942";"52.324";ENTEL PCS;2G;KM. 14, RUTA 9 NORTE LOTE 17;;Punta Arenas;Región de Magallanes y de la Antártica Chilena;DECRETO EXENTO NOTIFICADO;1064;23/11/2010;Torre Ventada;"48";"1900";UHF;30000;GSM(2G);TDMA;53° 2´ 60´´;70° 51´ 10´´;"-70,853";"-53,05"
"17.832";"33.977";MOVISTAR MOVIL;2G;Calle Via 2 S/N, Loteo G-2, Manzana G;;CABO DE HORNOS;Región de Magallanes y de la Antártica Chilena;DECRETO EXENTO NOTIFICADO;399;20/05/2009;Torre Ventada;"24";"1900";UHF;20000;GSM(2G);TDMA;54° 56´ 17´´;67° 36´ 33´´;"-67,609";"-54,938"
"14.936";"47.810";ENTEL PCS;2G;SECTOR LEÑADURA KM. 6, RUTA A;;Punta Arenas;Región de Magallanes y de la Antártica Chilena;DECRETO EXENTO NOTIFICADO;772;29/09/2009;Torre Ventada;"60";"1900";UHF;30000;GSM(2G);TDMA;53° 13´ 5´´;70° 56´ 47´´;"-70,946";"-53,218"
"17.582";"13.654";Movistar;2G;"Ruta 9 Norte, Km 13,5; Loteo G Varillas, Parcela 34. Río Seco";;Punta Arenas;Región de Magallanes y de la Antártica Chilena;DECRETO NOTIFICADO;355;19/08/2005;Torre Auto Soportada;"30";"1900";UHF;20000;GSM(2G);TDMA;53° 3´ 11´´;70° 53´ 41´´;"-70,895";"-53,053"
"17.536";"7899";Movistar;2G;O' Higgins Nº 1247;;Natales;Región de Magallanes y de la Antártica Chilena;DECRETO NOTIFICADO;753;27/12/2004;Torre Auto Soportada;"30";"1900";UHF;20000;GSM(2G);TDMA;51° 48´ 40´´;72° 29´ 28´´;"-72,491";"-51,811"
"16.971";"49.487";MOVISTAR MOVIL;2G;Calle Roca N° 953;;Punta Arenas;Región de Magallanes y de la Antártica Chilena;DECRETO EXENTO NOTIFICADO;337;04/06/2013;Monoposte;"30";"1900";UHF;20000;GSM(2G);TDMA;53° 9´ 52´´;70° 54´ 20´´;"-70,906";"-53,164"
"19.672";"424.438";ENTEL PCS;2G;Estancia Los Tehuelches;;Porvenir;Región de Magallanes y de la Antártica Chilena;DECRETO EXENTO NOTIFICADO;801;31/12/2013;Torre Ventada;"64";"1900";UHF;60000;GSM(2G);TDMA;53° 4´ 22´´;69° 20´ 43´´;"-69,345";"-53,073"
"11.420";"440.783";Claro Serv. Empresariales;4G;Ruta 9 Punta Arenas - Puerto Natales s/n, Sector Las Nieves, Estancia Tres Hermanas;;Laguna Blanca;Región de Magallanes y de la Antártica Chilena;DECRETO NOTIFICADO;78;30/05/2013;Torre Ventada;"48";"2600";UHF;40000;LTE(4G);FDD;52° 22´ 34.29012´´;71° 28´ 56.30016´´;"-71,482";"-52,376"
"21.432";"529.005";CLARO CHILE SPA.;3G;Sector Fuerte Bulnes, Fundo Los Sauces;;Punta Arenas;Región de Magallanes y de la Antártica Chilena;DECRETO EXENTO NOTIFICADO;171;21/04/2016;Torre Auto Soportada;"30";"850";UHF;;UMTS(3G);WCDMA;53° 35´ 21.1´´;70° 56´ 50.6´´;"-70,947";"-53,589"
"11.437";"530.185";Claro Serv. Empresariales;4G;Prolongación General del Canto. Parcela N° 4. Sector Mirador Sur;;Punta Arenas;Región de Magallanes y de la Antártica Chilena;DECRETO NOTIFICADO;65;21/04/2015;Torre Auto Soportada;"30";"700";UHF;20000;LTE(4G);FDD;53° 8´ 33.6012´´;70° 57´ 23.000400000000003´´;"-70,956";"-53,143"
"19.801";"559.269";CLARO CHILE SPA.;2G;Presidente Eduardo Frei Montalva N°01110;;Punta Arenas;Región de Magallanes y de la Antártica Chilena;RESOLUCIÓN MODIFICA CONCESIÓN SERVICIOS PÚBLICOS NOTIFICADA;1788;04/09/2017;Azotea;"20";"850";UHF;25000;GSM(2G);TDMA;53° 7´ 52´´;70° 54´ 33´´;"-70,909";"-53,131"
"11.415";"586.270";Claro Serv. Empresariales;4G;Ruta 9, Km 25, Sector Cabo Negro S/N;;Punta Arenas;Región de Magallanes y de la Antártica Chilena;RESOLUCIÓN MODIFICA CONCESIÓN SERVICIOS PÚBLICOS NOTIFICADA;1447;24/08/2020;Torre Auto Soportada;"48";"700";UHF;20000;LTE(4G);FDD;52° 57´ 11.30004´´;70° 50´ 24´´;"-70,84";"-52,953"
"20.989";"599.445";CLARO CHILE SPA.;;Los Flamencos,  Parcela 8  S/N;;Punta Arenas;Región de Magallanes y de la Antártica Chilena;RESOLUCIÓN MODIFICA CONCESIÓN SERVICIOS PÚBLICOS NOTIFICADA;1490;02/08/2021;Monoposte;"18";"2600";UHF;40000;LTE(4G);FDD;53° 7´ 40.4´´;70° 53´ 23´´;"-70,89";"-53,128"
"28.140";"610.140";CLARO CHILE SPA.;;Manuel Rodríguez 3077;;Punta Arenas;Región de Magallanes y de la Antártica Chilena;RESOLUCIÓN MODIFICA CONCESIÓN SERVICIOS PÚBLICOS NOTIFICADA;2107;07/07/2022;Monoposte;"18";"2600";UHF;40000;LTE(4G);FDD;53° 10´ 45.4´´;70° 56´ 8.5´´;"-70,936";"-53,179"
"18.598";"625.415";Wom;5G;Camino Dorotea Km 3, S/N, Natales, Magallanes y La Antártica Chilena;;Natales;Región de Magallanes y de la Antártica Chilena;DECRETO NOTIFICADO;19;09/03/2021;Torre Auto Soportada;"25";"700";UHF;20000;LTE Advanced Pro(5G);OFDMA;51° 42´ 52.6´´;72° 28´ 48.2´´;"-72,48";"-51,715"
"21.206";"626.615";Wom;5G;Parcela n° 10B Calle prolongación General Estanislao del Canto, Punta Arenas, Magallanes Y La Antártica Chilena;;Punta Arenas;Región de Magallanes y de la Antártica Chilena;DECRETO NOTIFICADO;32;11/03/2021;Monoposte;"26";"2100";UHF;30000;LTE Advanced Pro(5G);OFDMA;53° 8´ 35.7´´;70° 55´ 45.800000000000004´´;"-70,929";"-53,143"
"27.358";"626.622";Wom;5G;Pedro Aguirre Cerda N° 413, Punta Arenas, Magallanes Y La Antártica Chilena;;Punta Arenas;Región de Magallanes y de la Antártica Chilena;DECRETO NOTIFICADO;32;11/03/2021;Azotea;"3";"2100";UHF;30000;LTE Advanced Pro(5G);OFDMA;53° 10´ 19.19´´;70° 56´ 38.7´´;"-70,944";"-53,172"
"33.947";"626.623";Wom;5G;Ruta 255, Punta delgada, San Gregorio, Magallanes Y La Antártica Chilena;;San Gregorio;Región de Magallanes y de la Antártica Chilena;DECRETO NOTIFICADO;32;11/03/2021;Torre Auto Soportada;"60";"2100";UHF;30000;LTE Advanced Pro(5G);OFDMA;52° 18´ 51.42´´;69° 41´ 38.81´´;"-69,694";"-52,314"
"14.957";"628.917";ENTEL TELEFONIA LOCAL S.A.;5G;VIA TRES S/N MANZANA G PUERTO WILLIAMS, COMUNA DE CABO DE HORNOS, REGIÓN DE MAGALLANES Y DE LA ANTÁRTICA CHILENA;;CABO DE HORNOS;Región de Magallanes y de la Antártica Chilena;DECRETO NOTIFICADO;76;24/05/2021;Torre Ventada;"48";"3500";SHF;50000;5G(5G);OFDMA;54° 56´ 17´´;67° 36´ 34´´;"-67,609";"-54,938"
"32.106";"628.920";ENTEL TELEFONIA LOCAL S.A.;5G;EDIFICIO INTENDENCIA XII REGION, COMUNA DE PUNTA ARENAS, REGIÓN DE MAGALLANES Y DE LA ANTÁRTICA CHILENA;;Punta Arenas;Región de Magallanes y de la Antártica Chilena;DECRETO NOTIFICADO;76;24/05/2021;Azotea;"40";"3500";SHF;50000;5G(5G);OFDMA;53° 9´ 40.5´´;70° 54´ 25.400000000000002´´;"-70,907";"-53,161"
"18.595";"628.921";ENTEL TELEFONIA LOCAL S.A.;5G;PTE. JULIO ROCA 953, COMUNA DE PUNTA ARENAS, REGIÓN DE MAGALLANES Y DE LA ANTÁRTICA CHILENA;;Punta Arenas;Región de Magallanes y de la Antártica Chilena;DECRETO NOTIFICADO;76;24/05/2021;Monoposte;"28,5";"3500";SHF;50000;5G(5G);OFDMA;53° 9´ 53´´;70° 54´ 20´´;"-70,906";"-53,165"
"14.914";"628.996";ENTEL TELEFONIA LOCAL S.A.;5G;SECTOR RIO LOS CIERVOS PUNTA ARENAS, COMUNA DE PUNTA ARENAS, REGIÓN DE MAGALLANES Y DE LA ANTÁRTICA CHILENA;;Punta Arenas;Región de Magallanes y de la Antártica Chilena;DECRETO NOTIFICADO;76;24/05/2021;Torre Ventada;"60";"3500";SHF;50000;5G(5G);OFDMA;53° 11´ 37´´;70° 56´ 45´´;"-70,946";"-53,194"
"16.971";"630.115";Wom;5G;Pdte. Julio Roca N° 953, Punta Arenas, Magallanes Y La Antártica Chilena;;Punta Arenas;Región de Magallanes y de la Antártica Chilena;DECRETO NOTIFICADO;78;24/05/2021;Monoposte;"30";"3500";SHF;50000;5G(5G);OFDMA;53° 9´ 52´´;70° 54´ 20´´;"-70,906";"-53,164"
"17.004";"630.116";Wom;5G;Av. Presidente Eduardo Frei Montalva N° 0983, Punta Arenas, Magallanes Y La Antártica Chilena;;Punta Arenas;Región de Magallanes y de la Antártica Chilena;DECRETO NOTIFICADO;78;24/05/2021;Torre Auto Soportada;"30";"3500";SHF;50000;5G(5G);OFDMA;53° 7´ 58´´;70° 54´ 32´´;"-70,909";"-53,133"
"17.031";"630.156";Wom;5G;Calle General del Canto, esq Sargento Aldea, Punta Arenas, Magallanes Y La Antártica Chilena;;Punta Arenas;Región de Magallanes y de la Antártica Chilena;DECRETO NOTIFICADO;78;24/05/2021;Torre Auto Soportada;"30";"3500";SHF;50000;5G(5G);OFDMA;53° 8´ 56´´;70° 54´ 54´´;"-70,915";"-53,149"
"14.965";"633.226";WILL;3G/5G;"Esmeralda
N°1096,  esquina
Balmaceda";;Natales;Región de Magallanes y de la Antártica Chilena;RESOLUCIÓN MODIFICA CONCESIÓN SERVICIOS PÚBLICOS NOTIFICADA;526;01/03/2022;Torre Auto Soportada;"24";"700";UHF;15000;UMTS(3G)/LTE Advanced Pro(5G);OFDMA;51° 43´ 35´´;72° 29´ 38´´;"-72,494";"-51,726"
"31.400";"637.140";WILL;4G;"Parcela San
Sebastián, Lote
39, Sector Ojo
Bueno";;Punta Arenas;Región de Magallanes y de la Antártica Chilena;RESOLUCIÓN MODIFICA CONCESIÓN SERVICIOS PÚBLICOS NOTIFICADA;1562;19/05/2022;Torre Ventada;"60";"2600";UHF;20000;LTE(4G);FDD;53° 2´ 13´´;70° 53´ 39´´;"-70,894";"-53,037"
"21.980";"637.530";TELEFÓNICA MÓVILES CHILE S.A.;4G;RUTA Y-85 KM 81 HACIENDA CAMERON, TIMAUKEL ISLA GRANDE, TIERRA DEL FUEGO;;Timaukel;Región de Magallanes y de la Antártica Chilena;RESOLUCIÓN MODIFICA CONCESIÓN SERVICIOS PÚBLICOS NOTIFICADA;1567;19/05/2022;Torre Auto Soportada;"60";"700";UHF;10000;LTE(4G);OFDMA;53° 43´ 51´´;69° 13´ 41´´;"-69,228";"-53,731"
"31.741";"641.755";WILL;4G;Silva Enríquez altura del 01895;;Punta Arenas;Región de Magallanes y de la Antártica Chilena;RESOLUCIÓN MODIFICA CONCESIÓN SERVICIOS PÚBLICOS NOTIFICADA;1990;24/06/2022;Poste de Concreto;"12";"2600";UHF;40000;LTE(4G);OFDMA;53° 7´ 42.7´´;70° 55´ 2.8000000000000003´´;"-70,917";"-53,129"
"14.923";"682.187";TELEFÓNICA MÓVILES CHILE S.A.;4G;CORONEL JOSE DE LOS SANTOS MARDONES N° 1695;;Punta Arenas;Región de Magallanes y de la Antártica Chilena;RESOLUCIÓN MODIFICA CONCESIÓN SERVICIOS PÚBLICOS NOTIFICADA;1322;06/08/2025;Torre Auto Soportada;"30";"700";UHF;20000;LTE(4G);OFDMA;53° 8´ 5´´;70° 55´ 24´´;"-70,923";"-53,135"
"14.932";"682.634";TELEFÓNICA MÓVILES CHILE S.A.;4G;KM 8,5 RUTA 9 NORTE N° 09606;;Punta Arenas;Región de Magallanes y de la Antártica Chilena;RESOLUCIÓN MODIFICA CONCESIÓN SERVICIOS PÚBLICOS NOTIFICADA;1451;18/08/2025;Torre Ventada;"60";"2600";UHF;40000;LTE(4G);OFDMA;53° 5´ 16´´;70° 52´ 58´´;"-70,883";"-53,088"
"14.948";"7831";ENTEL PCS;2G;ESTANCIA TRES HERMANAS, SECTOR VILLA TEHUELCHES;;Laguna Blanca;Región de Magallanes y de la Antártica Chilena;DECRETO EXENTO NOTIFICADO;540;14/08/2017;Torre Ventada;"36";"1900";UHF;30000;GSM(2G);TDMA;52° 22´ 35´´;71° 28´ 56´´;"-71,482";"-52,376"
"14.961";"7837";ENTEL PCS;2G;CERRO SOMBRERO, SECTOR RECINTO ENAP;;Primavera;Región de Magallanes y de la Antártica Chilena;DECRETO NOTIFICADO;206;30/06/2005;Torre Ventada;"42";"1900";UHF;30000;GSM(2G);TDMA;52° 46´ 29´´;69° 17´ 27´´;"-69,291";"-52,775"
"16.505";"11.817";MOVISTAR MOVIL;2G;Colón N° 680;;Punta Arenas;Región de Magallanes y de la Antártica Chilena;DECRETO NOTIFICADO;89;22/02/2006;Torre Ventada;"36";"1900";UHF;10000;GSM(2G);TDMA;53° 9´ 34´´;70° 54´ 23´´;"-70,906";"-53,159"
"14.936";"47.770";ENTEL PCS;2G;SECTOR LEÑADURA KM. 6, RUTA A;;Punta Arenas;Región de Magallanes y de la Antártica Chilena;DECRETO EXENTO NOTIFICADO;885;11/11/2009;Torre Ventada;"60";"1900";UHF;30000;GSM(2G);TDMA;53° 13´ 5´´;70° 56´ 47´´;"-70,946";"-53,218"
"11.411";"450.973";Claro Serv. Empresariales;4G;Dr. Oscar Munizaga S/N;;Punta Arenas;Región de Magallanes y de la Antártica Chilena;RESOLUCIÓN MODIFICA CONCESIÓN SERVICIOS PÚBLICOS NOTIFICADA;3062;12/08/2013;Monoposte;"36";"2600";UHF;40000;LTE(4G);FDD;53° 8´ 28.489919999999998´´;70° 53´ 52.68984´´;"-70,898";"-53,141"
"11.431";"450.975";Claro Serv. Empresariales;4G;Gaspar Marín;;Punta Arenas;Región de Magallanes y de la Antártica Chilena;RESOLUCIÓN MODIFICA CONCESIÓN SERVICIOS PÚBLICOS NOTIFICADA;3062;12/08/2013;Torre Auto Soportada;"36";"2600";UHF;40000;LTE(4G);FDD;53° 9´ 40.60008´´;70° 56´ 38.10012´´;"-70,944";"-53,161"
"14.966";"456.639";WILL;4G;Cerro Dorotea;;Natales;Región de Magallanes y de la Antártica Chilena;DECRETO NOTIFICADO;177;09/11/2012;Torre Ventada;"30";"2600";UHF;40000;LTE(4G);FDD;51° 40´ 49´´;72° 26´ 16´´;"-72,438";"-51,68"
"14.925";"456.642";WILL;4G;José Menéndez Nº 131;;Punta Arenas;Región de Magallanes y de la Antártica Chilena;DECRETO NOTIFICADO;177;09/11/2012;Torre Auto Soportada;"36";"2600";UHF;40000;LTE(4G);FDD;53° 9´ 28´´;70° 54´ 59´´;"-70,916";"-53,158"
"17.832";"530.881";MOVISTAR MOVIL;4G;Vía Tres;;CABO DE HORNOS;Región de Magallanes y de la Antártica Chilena;DECRETO NOTIFICADO;71;06/05/2015;Torre Ventada;"24";"700";UHF;20000;LTE(4G);FDD;54° 56´ 17´´;67° 36´ 33´´;"-67,609";"-54,938"
"11.421";"570.410";CLARO CHILE SPA.;3G;Ruta Puerto Natales - Punta Arenas Km. 7,2, Sector Mirador Dorotea;;Natales;Región de Magallanes y de la Antártica Chilena;RESOLUCIÓN MODIFICA CONCESIÓN SERVICIOS PÚBLICOS NOTIFICADA;2449;13/12/2017;Torre Ventada;"24";"1900";UHF;30000;UMTS(3G);WCDMA;51° 40´ 47.600004´´;72° 26´ 15.3´´;"-72,438";"-51,68"
"24.743";"599.446";CLARO CHILE SPA.;;Armando Sanhueza N°114;;Punta Arenas;Región de Magallanes y de la Antártica Chilena;RESOLUCIÓN MODIFICA CONCESIÓN SERVICIOS PÚBLICOS NOTIFICADA;1490;02/08/2021;Torre Auto Soportada;"30";"2600";UHF;40000;LTE(4G);FDD;53° 9´ 8.2´´;70° 54´ 10.8´´;"-70,903";"-53,152"
"17.809";"603.553";CLARO CHILE SPA.;;Prolongación Martinez de Aldunate, parcela 32  S/N;;Punta Arenas;Región de Magallanes y de la Antártica Chilena;RESOLUCIÓN MODIFICA CONCESIÓN SERVICIOS PÚBLICOS NOTIFICADA;2004;22/10/2021;Torre Auto Soportada;"30";"2600";UHF;40000;LTE(4G);FDD;53° 10´ 37´´;70° 56´ 52´´;"-70,948";"-53,177"
"29.220";"616.451";WILL;4G;Calle San Martin frente al 820;;Natales;Región de Magallanes y de la Antártica Chilena;RESOLUCIÓN MODIFICA CONCESIÓN SERVICIOS PÚBLICOS NOTIFICADA;577;18/03/2021;Poste de Concreto;"1";"2600";UHF;40000;LTE(4G);FDD;51° 44´ 15.31´´;72° 29´ 16.97´´;"-72,488";"-51,738"
"17.761";"626.616";Wom;5G;Av. San Martin, Mirador Porvenir, Porvenir, Magallanes Y La Antártica Chilena;;Porvenir;Región de Magallanes y de la Antártica Chilena;DECRETO NOTIFICADO;32;11/03/2021;Torre Auto Soportada;"60";"2100";UHF;30000;LTE Advanced Pro(5G);OFDMA;53° 18´ 36´´;70° 22´ 38´´;"-70,377";"-53,31"
"14.966";"628.282";ENTEL TELEFONIA LOCAL S.A.;5G;HIJUELA 14 - CERRO DOROTEA - PROV. ULTIMA ESPERANZA, COMUNA DE NATALES, REGIÓN DE MAGALLANES Y DE LA ANTÁRTICA CHILENA;;Natales;Región de Magallanes y de la Antártica Chilena;DECRETO NOTIFICADO;76;24/05/2021;Torre Ventada;"30";"3500";SHF;50000;5G(5G);OFDMA;51° 40´ 49´´;72° 26´ 16´´;"-72,438";"-51,68"
"27.358";"630.161";Wom;5G;Pedro Aguirre Cerda N° 413, Punta Arenas, Magallanes Y La Antártica Chilena;;Punta Arenas;Región de Magallanes y de la Antártica Chilena;DECRETO NOTIFICADO;78;24/05/2021;Azotea;"3";"3500";SHF;50000;5G(5G);OFDMA;53° 10´ 19.19´´;70° 56´ 38.7´´;"-70,944";"-53,172"
"14.932";"633.233";WILL;3G/5G;"Km.  8,5  Ruta  9
Norte N° 09606";;Punta Arenas;Región de Magallanes y de la Antártica Chilena;RESOLUCIÓN MODIFICA CONCESIÓN SERVICIOS PÚBLICOS NOTIFICADA;526;01/03/2022;Torre Ventada;"60";"700";UHF;15000;UMTS(3G)/LTE Advanced Pro(5G);OFDMA;53° 5´ 16´´;70° 52´ 58´´;"-70,883";"-53,088"
"14.933";"633.234";WILL;3G/5G;Parcela    N°    4, Mirador del Sur;;Punta Arenas;Región de Magallanes y de la Antártica Chilena;RESOLUCIÓN MODIFICA CONCESIÓN SERVICIOS PÚBLICOS NOTIFICADA;526;01/03/2022;Torre Ventada;"30";"700";UHF;15000;UMTS(3G)/LTE Advanced Pro(5G);OFDMA;53° 8´ 30´´;70° 57´ 17´´;"-70,955";"-53,142"
"20.347";"637.294";TELEFÓNICA MÓVILES CHILE S.A.;4G;DAMIAN RIOBO 164;;Porvenir;Región de Magallanes y de la Antártica Chilena;RESOLUCIÓN MODIFICA CONCESIÓN SERVICIOS PÚBLICOS NOTIFICADA;1529;18/05/2022;Torre Auto Soportada;"22";"2600";UHF;40000;LTE(4G);OFDMA;53° 17´ 59.9´´;70° 21´ 56´´;"-70,366";"-53,3"
"22.450";"637.529";TELEFÓNICA MÓVILES CHILE S.A.;4G;RUTA Y-50 ESTANCIA EL SALTO 1;;Río Verde;Región de Magallanes y de la Antártica Chilena;RESOLUCIÓN MODIFICA CONCESIÓN SERVICIOS PÚBLICOS NOTIFICADA;1567;19/05/2022;Torre Ventada;"42";"700";UHF;10000;LTE(4G);OFDMA;52° 33´ 13.1´´;71° 39´ 16.5´´;"-71,655";"-52,554"
"32.106";"651.989";WILL;4G;Carlos Briones, esquina Jose Mendez;;Punta Arenas;Región de Magallanes y de la Antártica Chilena;RESOLUCIÓN MODIFICA CONCESIÓN SERVICIOS PÚBLICOS NOTIFICADA;3453;25/10/2022;Azotea;"40";"2600";UHF;40000;LTE(4G);OFDMA;53° 9´ 40.5´´;70° 54´ 25.400000000000002´´;"-70,907";"-53,161"
"19.890";"654.154";TELEFÓNICA MÓVILES CHILE S.A.;4G;CAMPO CHILLANEJA DEL LOTE 60 DE LA SUBDIVISION SPRINGHILL;;Primavera;Región de Magallanes y de la Antártica Chilena;RESOLUCIÓN MODIFICA CONCESIÓN SERVICIOS PÚBLICOS NOTIFICADA;488;14/03/2023;Torre Ventada;"30";"700";SHF;20000;LTE(4G);OFDMA;52° 54´ 43´´;69° 19´ 22´´;"-69,323";"-52,912"
"19.672";"654.155";TELEFÓNICA MÓVILES CHILE S.A.;4G;CALLE SIN NÚMERO A 32 KM DE CERRO SOMBRERO;;Porvenir;Región de Magallanes y de la Antártica Chilena;RESOLUCIÓN MODIFICA CONCESIÓN SERVICIOS PÚBLICOS NOTIFICADA;484;14/03/2023;Torre Ventada;"64";"700";SHF;20000;LTE(4G);OFDMA;53° 4´ 22´´;69° 20´ 43´´;"-69,345";"-53,073"
"33.022";"662.000";WILL;4G;Ruta 9 Aeropuerto Julio Gallardo;;Natales;Región de Magallanes y de la Antártica Chilena;DECRETO EXENTO NOTIFICADO;863;03/11/2023;Torre Auto Soportada;"24";"2600";UHF;20000;LTE(4G);WCDMA;51° 39´ 59.88´´;72° 31´ 40.09´´;"-72,528";"-51,667"
"20.909";"680.736";CLARO CHILE SPA.;5G;km 23 ruta Y-300 Lote 3;;Natales;Región de Magallanes y de la Antártica Chilena;DECRETO NOTIFICADO;214;26/11/2024;Torre Ventada;"15";"3500";SHF;50000;5G(5G);;51° 36´ 32.4´´;72° 39´ 15.200000000000001´´;"-72,654";"-51,609"
"11.429";"681.047";CLARO CHILE SPA.;5G;Avenida Colón N°1290;;Punta Arenas;Región de Magallanes y de la Antártica Chilena;DECRETO NOTIFICADO;214;26/11/2024;Azotea;"30";"3500";SHF;50000;5G(5G);;53° 9´ 47.09016´´;70° 53´ 46.38984´´;"-70,896";"-53,163"
"11.410";"681.255";CLARO CHILE SPA.;5G;Patagona N° 825;;Punta Arenas;Región de Magallanes y de la Antártica Chilena;DECRETO NOTIFICADO;214;26/11/2024;Torre Auto Soportada;"34";"3500";SHF;50000;5G(5G);;53° 9´ 24.500159999999997´´;70° 54´ 57.30012´´;"-70,916";"-53,157"
"28.978";"682.190";TELEFÓNICA MÓVILES CHILE S.A.;4G;Parcela  1 LT 1 A 1 A 4 Colonia Isabel Riquelme (A 150 mts de la intersección de calle Piloto Pardo con Avda. Alfredo Lorca Valencia, en dirección Sur);;Natales;Región de Magallanes y de la Antártica Chilena;RESOLUCIÓN MODIFICA CONCESIÓN SERVICIOS PÚBLICOS NOTIFICADA;1285;31/07/2025;Monoposte;"1";"2600";UHF;20000;LTE(4G);OFDMA;51° 44´ 34.83´´;72° 29´ 17.22´´;"-72,488";"-51,743"
"17.749";"683.388";TELEFÓNICA MÓVILES CHILE S.A.;4G;CERRO DOROTEA S/N (Cerro Dorotea, desde intersección de Ruta 9 con Ruta Y-315, 2,8 Km en dirección Norte);;Natales;Región de Magallanes y de la Antártica Chilena;RESOLUCIÓN MODIFICA CONCESIÓN SERVICIOS PÚBLICOS NOTIFICADA;1660;15/09/2025;Torre Auto Soportada;"18";"700";UHF;20000;LTE(4G);OFDMA;51° 40´ 46´´;72° 29´ 28´´;"-72,491";"-51,679"
"20.379";"11.820";MOVISTAR MOVIL;2G;Predio Miramar s/n, sector Santa María. Provincia Tierra del Fuego;;Porvenir;Región de Magallanes y de la Antártica Chilena;DECRETO NOTIFICADO;89;22/02/2006;Torre Auto Soportada;"60";"1900";UHF;10000;GSM(2G);TDMA;53° 18´ 36.9´´;70° 22´ 37.95´´;"-70,377";"-53,31"
"17.493";"11.822";MOVISTAR MOVIL;2G;Cerro Mirador s/n, Club Andino;;Punta Arenas;Región de Magallanes y de la Antártica Chilena;DECRETO NOTIFICADO;89;22/02/2006;Torre Auto Soportada;"42";"1900";UHF;10000;GSM(2G);TDMA;53° 9´ 26´´;71° 2´ 40´´;"-71,044";"-53,157"
"11.413";"440.785";Claro Serv. Empresariales;4G;Parcela A s/n;;Porvenir;Región de Magallanes y de la Antártica Chilena;DECRETO NOTIFICADO;78;30/05/2013;Torre Auto Soportada;"60";"2600";UHF;40000;LTE(4G);FDD;53° 18´ 36.69012´´;70° 22´ 40.28988´´;"-70,378";"-53,31"
"11.436";"440.786";Claro Serv. Empresariales;4G;Prolongación Calle Mardones s/n, Parcela 110, Sector Pampa Redonda;;Punta Arenas;Región de Magallanes y de la Antártica Chilena;DECRETO NOTIFICADO;78;30/05/2013;Torre Auto Soportada;"36";"2600";UHF;40000;LTE(4G);FDD;53° 7´ 4.100016´´;70° 56´ 36.9´´;"-70,944";"-53,118"
"11.435";"450.976";Claro Serv. Empresariales;4G;Rómulo Correa;;Punta Arenas;Región de Magallanes y de la Antártica Chilena;RESOLUCIÓN MODIFICA CONCESIÓN SERVICIOS PÚBLICOS NOTIFICADA;3062;12/08/2013;Monoposte;"24";"2600";UHF;40000;LTE(4G);FDD;53° 9´ 19.64988´´;70° 53´ 29.289839999999998´´;"-70,891";"-53,155"
"14.959";"456.640";WILL;4G;Predio Miramar s/n, Sector Santa María;;Porvenir;Región de Magallanes y de la Antártica Chilena;DECRETO NOTIFICADO;177;09/11/2012;Torre Ventada;"60";"2600";UHF;40000;LTE(4G);FDD;53° 18´ 37.6´´;70° 22´ 40.9´´;"-70,378";"-53,31"
"19.653";"491.473";CLARO CHILE SPA.;4G;Avenida O'Higgins 987;;Punta Arenas;Región de Magallanes y de la Antártica Chilena;DECRETO EXENTO NOTIFICADO;516;28/07/2014;Cielo Raso;"3";"2600";UHF;40000;LTE(4G);FDD;53° 9´ 49.01´´;70° 54´ 13.620000000000001´´;"-70,904";"-53,164"
"11.433";"530.184";Claro Serv. Empresariales;4G;Puerto Harris;;Punta Arenas;Región de Magallanes y de la Antártica Chilena;DECRETO NOTIFICADO;65;21/04/2015;Torre Auto Soportada;"18";"700";UHF;20000;LTE(4G);FDD;53° 52´ 7.399991999999999´´;70° 25´ 27.3´´;"-70,424";"-53,869"
"14.961";"530.874";MOVISTAR MOVIL;4G;Cerro Sombrero;;Primavera;Región de Magallanes y de la Antártica Chilena;DECRETO EXENTO NOTIFICADO;72;09/02/2018;Torre Ventada;"42";"700";UHF;20000;LTE(4G);FDD;52° 46´ 29´´;69° 17´ 27´´;"-69,291";"-52,775"
"17.631";"580.988";WILL;4G;MARTINEZ DE ALDUNATE N°1471 8va CIA BOMBEROS;;Punta Arenas;Región de Magallanes y de la Antártica Chilena;RESOLUCIÓN MODIFICA CONCESIÓN SERVICIOS PÚBLICOS NOTIFICADA;1016;30/05/2018;Torre Auto Soportada;"36";"2600";UHF;40000;LTE(4G);WCDMA;53° 9´ 34´´;70° 55´ 55´´;"-70,932";"-53,159"
"24.338";"581.400";Claro Serv. Empresariales;4G;Camino a Fuerte Bulnes, Km. 4.5. Hijuela 31 A;;Punta Arenas;Región de Magallanes y de la Antártica Chilena;RESOLUCIÓN MODIFICA CONCESIÓN SERVICIOS PÚBLICOS NOTIFICADA;1174;11/06/2018;Torre Auto Soportada;"60";"700";UHF;20000;LTE(4G);FDD;53° 11´ 37´´;70° 56´ 44´´;"-70,946";"-53,194"
"11.416";"586.659";Claro Serv. Empresariales;4G;Cerro Mirador S/N;;Punta Arenas;Región de Magallanes y de la Antártica Chilena;RESOLUCIÓN MODIFICA CONCESIÓN SERVICIOS PÚBLICOS NOTIFICADA;244;03/02/2020;Torre Auto Soportada;"42";"700";UHF;20000;LTE(4G);FDD;53° 9´ 24.990119999999997´´;71° 2´ 27.39012´´;"-71,041";"-53,157"
"14.957";"613.751";WILL;4G;Calle Vía Dos s/n, (Capdeville), Puerto Williams;;CABO DE HORNOS;Región de Magallanes y de la Antártica Chilena;RESOLUCIÓN MODIFICA CONCESIÓN SERVICIOS PÚBLICOS NOTIFICADA;2053;02/11/2020;Torre Ventada;"48";"700";UHF;40000;LTE(4G);FDD;54° 56´ 17´´;67° 36´ 34´´;"-67,609";"-54,938"
"14.917";"618.294";WILL;4G;Av.Bulnes N°04800;;Punta Arenas;Región de Magallanes y de la Antártica Chilena;RESOLUCIÓN MODIFICA CONCESIÓN SERVICIOS PÚBLICOS NOTIFICADA;1686;31/08/2021;Monoposte;"36";"700";UHF;40000;LTE(4G);FDD;53° 7´ 33´´;70° 52´ 10´´;"-70,869";"-53,126"
"19.920";"628.600";ENTEL TELEFONIA LOCAL S.A.;5G;LOTE 1 RIO TRANQUILO, COMUNA DE NATALES, REGIÓN DE MAGALLANES Y DE LA ANTÁRTICA CHILENA;;Natales;Región de Magallanes y de la Antártica Chilena;DECRETO NOTIFICADO;76;24/05/2021;Monoposte;"0";"3500";SHF;50000;5G(5G);OFDMA;51° 47´ 50.99´´;72° 11´ 44´´;"-72,196";"-51,797"
"21.206";"630.154";Wom;5G;Parcela n° 10B Calle prolongación General Estanislao del Canto, Punta Arenas, Magallanes Y La Antártica Chilena;;Punta Arenas;Región de Magallanes y de la Antártica Chilena;DECRETO NOTIFICADO;78;24/05/2021;Monoposte;"26";"3500";SHF;50000;5G(5G);OFDMA;53° 8´ 35.7´´;70° 55´ 45.800000000000004´´;"-70,929";"-53,143"
"14.914";"633.227";WILL;3G/5G;"Km  4,5  Sur  Río
Los Ciervos";;Punta Arenas;Región de Magallanes y de la Antártica Chilena;RESOLUCIÓN MODIFICA CONCESIÓN SERVICIOS PÚBLICOS NOTIFICADA;526;01/03/2022;Torre Ventada;"60";"700";UHF;15000;UMTS(3G)/LTE Advanced Pro(5G);OFDMA;53° 11´ 37´´;70° 56´ 45´´;"-70,946";"-53,194"
"14.911";"633.228";WILL;3G/5G;Avenida   España s/n;;Punta Arenas;Región de Magallanes y de la Antártica Chilena;RESOLUCIÓN MODIFICA CONCESIÓN SERVICIOS PÚBLICOS NOTIFICADA;526;01/03/2022;Torre Auto Soportada;"36";"700";UHF;15000;UMTS(3G)/LTE Advanced Pro(5G);OFDMA;53° 8´ 16´´;70° 53´ 19´´;"-70,889";"-53,138"
"20.205";"633.229";WILL;3G/5G;"José   Menendez
N° 131";;Punta Arenas;Región de Magallanes y de la Antártica Chilena;RESOLUCIÓN MODIFICA CONCESIÓN SERVICIOS PÚBLICOS NOTIFICADA;526;01/03/2022;Torre Auto Soportada;"21";"700";UHF;15000;UMTS(3G)/LTE Advanced Pro(5G);OFDMA;53° 9´ 30.830000000000002´´;70° 54´ 50.67´´;"-70,914";"-53,159"
"14.914";"634.571";WILL;4G;Km 4,5 Sur Rio Los Ciervos;;Punta Arenas;Región de Magallanes y de la Antártica Chilena;RESOLUCIÓN MODIFICA CONCESIÓN SERVICIOS PÚBLICOS NOTIFICADA;745;18/03/2022;Torre Ventada;"60";"2600";UHF;40000;LTE(4G);OFDMA;53° 11´ 37´´;70° 56´ 45´´;"-70,946";"-53,194"
"29.478";"637.849";TELEFÓNICA MÓVILES CHILE S.A.;4G;LOS FLAMENCOS ESQUINA EDUARDO FREI MONTALVA;;Punta Arenas;Región de Magallanes y de la Antártica Chilena;RESOLUCIÓN MODIFICA CONCESIÓN SERVICIOS PÚBLICOS NOTIFICADA;1669;27/05/2022;Azotea;"0";"2600";UHF;20000;LTE(4G);OFDMA;53° 7´ 19.5´´;70° 53´ 45.4´´;"-70,896";"-53,122"
"19.890";"653.696";TELEFÓNICA MÓVILES CHILE S.A.;5G;ESTANCIA CHILLANEJA RUTA CERRO SOMBRERO ONAISI;;Primavera;Región de Magallanes y de la Antártica Chilena;RESOLUCIÓN MODIFICA CONCESIÓN SERVICIOS PÚBLICOS NOTIFICADA;420;03/03/2023;Torre Ventada;"30";"3500";UHF;50000;5G(5G);OFDMA;52° 54´ 43´´;69° 19´ 22´´;"-69,323";"-52,912"
"32.549";"656.993";TELEFÓNICA MÓVILES CHILE S.A.;4G;Lote Fiscal N° 7 (Calle S/N a 3 Kms del paso fronterizo San Sebastian);;Porvenir;Región de Magallanes y de la Antártica Chilena;RESOLUCIÓN MODIFICA CONCESIÓN SERVICIOS PÚBLICOS NOTIFICADA;1240;02/06/2023;Torre Ventada;"42";"700";UHF;20000;LTE(4G);OFDMA;53° 19´ 21´´;68° 39´ 38´´;"-68,661";"-53,322"
"24.743";"680.640";CLARO CHILE SPA.;5G;Armando Sanhueza N° 114;;Punta Arenas;Región de Magallanes y de la Antártica Chilena;DECRETO NOTIFICADO;214;26/11/2024;Torre Auto Soportada;"30";"3500";SHF;50000;5G(5G);;53° 9´ 8.2´´;70° 54´ 10.8´´;"-70,903";"-53,152"
"11.427";"681.522";CLARO CHILE SPA.;5G;Camino a Fuerte Bulnes, Km. 4.5. Hijuela 31 A;;Punta Arenas;Región de Magallanes y de la Antártica Chilena;DECRETO NOTIFICADO;214;26/11/2024;Torre Auto Soportada;"60";"3500";SHF;50000;5G(5G);;53° 11´ 38.600016´´;70° 56´ 46.4´´;"-70,946";"-53,194"
"14.961";"11.818";MOVISTAR MOVIL;2G;"Ruta 257 Km 211,5; Sitio 11 - Manzana H. Cerro Sombrero";;Primavera;Región de Magallanes y de la Antártica Chilena;DECRETO NOTIFICADO;89;22/02/2006;Torre Ventada;"42";"1900";UHF;10000;GSM(2G);TDMA;52° 46´ 29´´;69° 17´ 27´´;"-69,291";"-52,775"
"18.004";"32.048";MOVISTAR MOVIL;2G;Estancia Las Charas;;Río Verde;Región de Magallanes y de la Antártica Chilena;DECRETO NOTIFICADO;971;18/10/2007;Torre Auto Soportada;"54";"1900";UHF;20000;GSM(2G);TDMA;52° 38´ 52´´;71° 27´ 28´´;"-71,458";"-52,648"
"32.549";"424.435";ENTEL PCS;2G;Lote Fiscal N°7;;Porvenir;Región de Magallanes y de la Antártica Chilena;DECRETO EXENTO NOTIFICADO;801;31/12/2013;Torre Ventada;"42";"1900";UHF;60000;GSM(2G);TDMA;53° 19´ 21´´;68° 39´ 38´´;"-68,661";"-53,322"
"11.417";"440.788";Claro Serv. Empresariales;4G;Ruta CH-255, Km 105, s/n;;San Gregorio;Región de Magallanes y de la Antártica Chilena;DECRETO NOTIFICADO;78;30/05/2013;Torre Auto Soportada;"36";"2600";UHF;40000;LTE(4G);FDD;52° 22´ 57´´;69° 45´ 15.289919999999999´´;"-69,754";"-52,382"
"11.412";"470.492";Claro Serv. Empresariales;4G;Hijuela Chacabunco,;;Punta Arenas;Región de Magallanes y de la Antártica Chilena;RESOLUCIÓN MODIFICA CONCESIÓN SERVICIOS PÚBLICOS NOTIFICADA;4131;25/10/2013;Torre Auto Soportada;"33";"2600";UHF;40000;LTE(4G);FDD;53° 0´ 36.20016´´;70° 49´ 24.30012´´;"-70,823";"-53,01"
"26.281";"516.322";MOVISTAR MOVIL;3G;App 3 kms al sureste de San Gregorio.;;San Gregorio;Región de Magallanes y de la Antártica Chilena;RES. NOTIFICADA;2543;18/03/2015;Torre Ventada;"1";"850";UHF;25000;UMTS(3G);WCDMA;52° 33´ 38.300000000000004´´;70° 20´ 53´´;"-70,348";"-52,561"
"18.004";"530.882";MOVISTAR MOVIL;4G;Estancia Las Charas;;Río Verde;Región de Magallanes y de la Antártica Chilena;DECRETO NOTIFICADO;71;06/05/2015;Torre Auto Soportada;"54";"700";UHF;20000;LTE(4G);FDD;52° 38´ 52´´;71° 27´ 28´´;"-71,458";"-52,648"
"23.811";"581.820";CLARO CHILE SPA.;4G;Ignacio Carrera Pinto N°0760;;Punta Arenas;Región de Magallanes y de la Antártica Chilena;RESOLUCIÓN MODIFICA CONCESIÓN SERVICIOS PÚBLICOS NOTIFICADA;1096;04/06/2018;Torre Auto Soportada;"30";"2600";UHF;40000;LTE(4G);FDD;53° 9´ 2´´;70° 56´ 7´´;"-70,935";"-53,151"
"11.419";"586.271";Claro Serv. Empresariales;4G;Sitio 27,  Manzana A S/N;;Primavera;Región de Magallanes y de la Antártica Chilena;RESOLUCIÓN MODIFICA CONCESIÓN SERVICIOS PÚBLICOS NOTIFICADA;1447;24/08/2020;Torre Auto Soportada;"60";"700";UHF;20000;LTE(4G);FDD;52° 46´ 35.69016´´;69° 17´ 42´´;"-69,295";"-52,777"
"11.418";"586.660";Claro Serv. Empresariales;4G;Boliviana N°738;;Punta Arenas;Región de Magallanes y de la Antártica Chilena;RESOLUCIÓN MODIFICA CONCESIÓN SERVICIOS PÚBLICOS NOTIFICADA;244;03/02/2020;Monoposte;"30";"700";UHF;20000;LTE(4G);FDD;53° 9´ 59.78988´´;70° 54´ 44.88984´´;"-70,912";"-53,167"
"28.976";"615.037";TELEFÓNICA MÓVILES CHILE S.A.;4G;DEL ARRIERO 05872;;Primavera;Región de Magallanes y de la Antártica Chilena;RESOLUCIÓN MODIFICA CONCESIÓN SERVICIOS PÚBLICOS NOTIFICADA;291;10/02/2023;Monoposte;"18";"2600";UHF;40000;LTE(4G);FDD;53° 7´ 14.5´´;70° 52´ 42.4´´;"-70,878";"-53,121"
"18.599";"625.416";Wom;5G;Cerro Mirador, Punta Arenas, Magallanes y La Antártica Chilena;;Punta Arenas;Región de Magallanes y de la Antártica Chilena;DECRETO NOTIFICADO;19;09/03/2021;Torre Ventada;"35";"700";UHF;20000;LTE Advanced Pro(5G);OFDMA;53° 9´ 25.900000000000002´´;71° 2´ 39.4´´;"-71,044";"-53,157"
"11.412";"626.612";Wom;;Ruta 9 Norte S/N, Sector Aeropuerto;;Punta Arenas;Región de Magallanes y de la Antártica Chilena;DECRETO EXENTO NOTIFICADO;774;26/09/2022;Torre Auto Soportada;"33";"2100";UHF;30000;LTE Advanced Pro(5G);OFDMA;53° 0´ 36.20016´´;70° 49´ 24.30012´´;"-70,823";"-53,01"
"14.913";"628.141";ENTEL TELEFONIA LOCAL S.A.;5G;INTERIOR BASE AREA FACH S E 570 P.ARENAS, COMUNA DE PUNTA ARENAS, REGIÓN DE MAGALLANES Y DE LA ANTÁRTICA CHILENA;;Punta Arenas;Región de Magallanes y de la Antártica Chilena;DECRETO NOTIFICADO;76;24/05/2021;Torre Ventada;"30";"3500";SHF;50000;5G(5G);OFDMA;53° 0´ 37´´;70° 49´ 34´´;"-70,826";"-53,01"
"14.931";"628.294";ENTEL TELEFONIA LOCAL S.A.;5G;LOS FLAMENCOS 0845 BARRIO HORTICOLA, COMUNA DE PUNTA ARENAS, REGIÓN DE MAGALLANES Y DE LA ANTÁRTICA CHILENA;;Punta Arenas;Región de Magallanes y de la Antártica Chilena;DECRETO NOTIFICADO;76;24/05/2021;Torre Ventada;"36";"3500";SHF;50000;5G(5G);OFDMA;53° 7´ 18´´;70° 54´ 22´´;"-70,906";"-53,122"
"22.189";"636.074";TELEFÓNICA MÓVILES CHILE S.A.;4G;ESTANCIA EDUARDO PARCELA 29;;Punta Arenas;Región de Magallanes y de la Antártica Chilena;RESOLUCIÓN MODIFICA CONCESIÓN SERVICIOS PÚBLICOS NOTIFICADA;1270;22/04/2022;Torre Ventada;"54";"700";UHF;10000;LTE(4G);OFDMA;52° 47´ 7.58´´;71° 11´ 2.47´´;"-71,184";"-52,785"
"20.347";"637.049";WILL;4G;"Damián
Riobó N° 164";;Porvenir;Región de Magallanes y de la Antártica Chilena;RESOLUCIÓN MODIFICA CONCESIÓN SERVICIOS PÚBLICOS NOTIFICADA;1494;13/05/2022;Torre Auto Soportada;"22";"2600";UHF;20000;LTE(4G);FDD;53° 17´ 59.9´´;70° 21´ 56´´;"-70,366";"-53,3"
"11.413";"681.227";CLARO CHILE SPA.;5G;Parcela A s/n;;Porvenir;Región de Magallanes y de la Antártica Chilena;DECRETO NOTIFICADO;214;26/11/2024;Torre Auto Soportada;"60";"3500";SHF;50000;5G(5G);;53° 18´ 36.69012´´;70° 22´ 40.28988´´;"-70,378";"-53,31"
"11.418";"681.234";CLARO CHILE SPA.;5G;Boliviana Nº 738;;Punta Arenas;Región de Magallanes y de la Antártica Chilena;DECRETO NOTIFICADO;214;26/11/2024;Monoposte;"30";"3500";SHF;50000;5G(5G);;53° 9´ 59.78988´´;70° 54´ 44.88984´´;"-70,912";"-53,167"
"27.006";"681.327";CLARO CHILE SPA.;5G;Ruta Y-340, Sector Río Primero S/N;;Natales;Región de Magallanes y de la Antártica Chilena;DECRETO NOTIFICADO;214;26/11/2024;Torre Auto Soportada;"30";"3500";SHF;50000;5G(5G);;52° 12´ 32.5´´;72° 28´ 36.6´´;"-72,477";"-52,209"
"17.031";"6909";MOVISTAR MOVIL;2G;General del Canto N° 0299, esq. Sgto. Aldea;;Punta Arenas;Región de Magallanes y de la Antártica Chilena;DECRETO NOTIFICADO;319;04/08/2005;Torre Auto Soportada;"30";"1900";UHF;10000;GSM(2G);TDMA;53° 8´ 56´´;70° 54´ 54´´;"-70,915";"-53,149"
"17.749";"11.821";MOVISTAR MOVIL;2G;Cerro Dorotea s/n;;Natales;Región de Magallanes y de la Antártica Chilena;DECRETO NOTIFICADO;89;22/02/2006;Torre Auto Soportada;"18";"1900";UHF;10000;GSM(2G);TDMA;51° 40´ 46´´;72° 29´ 28´´;"-72,491";"-51,679"
"30.975";"57.688";ENTEL PCS;;JORGE ALESSANDRI Nº 076;;Punta Arenas;Región de Magallanes y de la Antártica Chilena;DECRETO EXENTO NOTIFICADO;262;21/02/2011;Sin Info;"0";"1900";UHF;60000;GSM;TDMA;53° 10´ 41´´;70° 56´ 31´´;"-70,942";"-53,178"
"19.920";"58.526";ENTEL PCS;2G;LOTE 1 TRANQUILO ESTANCUA LOS BAQUEANO;;Natales;Región de Magallanes y de la Antártica Chilena;DECRETO EXENTO NOTIFICADO;985;01/07/2011;Monoposte;"0";"1900";UHF;60000;GSM(2G);TDMA;51° 47´ 50.99´´;72° 11´ 44´´;"-72,196";"-51,797"
"19.890";"424.439";ENTEL PCS;2G;Campo Chillaneja del Loteo 60 de La Subdivisión Springhill;;Primavera;Región de Magallanes y de la Antártica Chilena;DECRETO EXENTO NOTIFICADO;801;31/12/2013;Torre Ventada;"30";"1900";UHF;60000;GSM(2G);TDMA;52° 54´ 43´´;69° 19´ 22´´;"-69,323";"-52,912"
"19.668";"490.389";ENTEL PCS;2G/3G;CORONEL JOSE DE LOS SANTOS MARDONES  0495;;Punta Arenas;Región de Magallanes y de la Antártica Chilena;DECRETO EXENTO NOTIFICADO;397;12/06/2014;Monoposte;"15";"1900";UHF;60000;GSM(2G)/UMTS(3G);TDMA/WCDMA;53° 8´ 31.7´´;70° 54´ 27.900000000000002´´;"-70,908";"-53,142"
"11.413";"530.181";Claro Serv. Empresariales;4G;Parcela A s/n;;Porvenir;Región de Magallanes y de la Antártica Chilena;DECRETO NOTIFICADO;65;21/04/2015;Torre Auto Soportada;"60";"700";UHF;20000;LTE(4G);FDD;53° 18´ 36.69012´´;70° 22´ 40.28988´´;"-70,378";"-53,31"
"11.420";"530.182";Claro Serv. Empresariales;4G;Ruta 9 Punta Arenas - Puerto Natales s/n. Sector Las Nieves. Estancia Tres Hermanas;;Laguna Blanca;Región de Magallanes y de la Antártica Chilena;DECRETO NOTIFICADO;65;21/04/2015;Torre Ventada;"48";"700";UHF;20000;LTE(4G);FDD;52° 22´ 34.29012´´;71° 28´ 56.30016´´;"-71,482";"-52,376"
"22.670";"530.876";MOVISTAR MOVIL;4G;O’Higgins N° 1247;;Natales;Región de Magallanes y de la Antártica Chilena;DECRETO NOTIFICADO;71;06/05/2015;Torre Auto Soportada;"42";"700";UHF;20000;LTE(4G);FDD;51° 43´ 41.37´´;72° 29´ 27.330000000000002´´;"-72,491";"-51,728"
"17.582";"530.877";MOVISTAR MOVIL;4G;Ruta 9 Norte Km 13.5 Parcela 36;;Punta Arenas;Región de Magallanes y de la Antártica Chilena;DECRETO NOTIFICADO;71;06/05/2015;Torre Auto Soportada;"30";"700";UHF;20000;LTE(4G);FDD;53° 3´ 11´´;70° 53´ 41´´;"-70,895";"-53,053"
"18.323";"530.884";MOVISTAR MOVIL;4G;Ruta 9 Km 100;;Laguna Blanca;Región de Magallanes y de la Antártica Chilena;DECRETO EXENTO NOTIFICADO;72;09/02/2018;Torre Auto Soportada;"36";"700";UHF;20000;LTE(4G);FDD;52° 22´ 36.43´´;71° 28´ 57.9´´;"-71,483";"-52,377"
"21.206";"550.737";Wom;4G/3G;Parcela n° 10B Calle prolongación general estanislao del Canto;;Punta Arenas;Región de Magallanes y de la Antártica Chilena;RESOLUCIÓN MODIFICA CONCESIÓN SERVICIOS PÚBLICOS NOTIFICADA;1213;11/06/2019;Monoposte;"26";"2100";UHF;60000;UMTS(3G)/LTE(4G);FDD;53° 8´ 35.7´´;70° 55´ 45.800000000000004´´;"-70,929";"-53,143"
"11.413";"570.322";CLARO CHILE SPA.;3G;Predio Mirador Santa María;;Porvenir;Región de Magallanes y de la Antártica Chilena;RESOLUCIÓN MODIFICA CONCESIÓN SERVICIOS PÚBLICOS NOTIFICADA;2433;13/12/2017;Torre Auto Soportada;"60";"1900";UHF;30000;UMTS(3G);WCDMA;53° 18´ 36.69012´´;70° 22´ 40.28988´´;"-70,378";"-53,31"
"14.953";"586.269";Claro Serv. Empresariales;4G;Ruta 255, Sector San Gregorio S/N;;San Gregorio;Región de Magallanes y de la Antártica Chilena;RESOLUCIÓN MODIFICA CONCESIÓN SERVICIOS PÚBLICOS NOTIFICADA;1447;24/08/2020;Torre Ventada;"43";"700";UHF;20000;LTE(4G);FDD;52° 38´ 11´´;70° 12´ 35´´;"-70,21";"-52,636"
"27.070";"598.248";Wom;;Calle Capitan Guillermos n°5/ Antonio Kairis n° 036;;Punta Arenas;Región de Magallanes y de la Antártica Chilena;RESOLUCIÓN MODIFICA CONCESIÓN SERVICIOS PÚBLICOS NOTIFICADA;123;23/01/2024;Azotea;"2";"2100";UHF;60000;UMTS(3G)/LTE(4G);FDD;53° 8´ 47.800000000000004´´;70° 54´ 15.9´´;"-70,904";"-53,147"
"14.965";"623.689";WILL;;ESMERALDA 1096;;Natales;Región de Magallanes y de la Antártica Chilena;RESOLUCIÓN MODIFICA CONCESIÓN SERVICIOS PÚBLICOS NOTIFICADA;2288;26/11/2021;Torre Auto Soportada;"24";"2600";UHF;40000;;OFDMA;51° 43´ 35´´;72° 29´ 38´´;"-72,494";"-51,726"
"16.971";"626.585";Wom;5G;Pdte. Julio Roca N° 953, Punta Arenas, Magallanes Y La Antártica Chilena;;Punta Arenas;Región de Magallanes y de la Antártica Chilena;DECRETO NOTIFICADO;32;11/03/2021;Monoposte;"30";"2100";UHF;30000;LTE Advanced Pro(5G);OFDMA;53° 9´ 52´´;70° 54´ 20´´;"-70,906";"-53,164"
"14.916";"628.633";ENTEL TELEFONIA LOCAL S.A.;5G;RECINTO ENAP SECTOR CABO NEGRO, COMUNA DE PUNTA ARENAS, REGIÓN DE MAGALLANES Y DE LA ANTÁRTICA CHILENA;;Punta Arenas;Región de Magallanes y de la Antártica Chilena;DECRETO NOTIFICADO;76;24/05/2021;Torre Auto Soportada;"42";"3500";SHF;50000;5G(5G);OFDMA;52° 56´ 36´´;70° 49´ 11´´;"-70,82";"-52,943"
"14.922";"633.230";WILL;3G/5G;"Romulo    Correa
N° 1108";;Punta Arenas;Región de Magallanes y de la Antártica Chilena;RESOLUCIÓN MODIFICA CONCESIÓN SERVICIOS PÚBLICOS NOTIFICADA;526;01/03/2022;Monoposte;"30";"700";UHF;15000;UMTS(3G)/LTE Advanced Pro(5G);OFDMA;53° 9´ 17´´;70° 53´ 31´´;"-70,892";"-53,155"
"14.967";"636.004";TELEFÓNICA MÓVILES CHILE S.A.;4G;HIJUELAS 32, DOROTEA;;Natales;Región de Magallanes y de la Antártica Chilena;RESOLUCIÓN MODIFICA CONCESIÓN SERVICIOS PÚBLICOS NOTIFICADA;1262;22/04/2022;Torre Ventada;"60";"700";UHF;10000;LTE(4G);OFDMA;51° 36´ 40´´;72° 19´ 11´´;"-72,32";"-51,611"
"31.826";"643.239";TELEFÓNICA MÓVILES CHILE S.A.;;RECINTO ENAP, SECTOR POSESIÓN;;San Gregorio;Región de Magallanes y de la Antártica Chilena;RESOLUCIÓN MODIFICA CONCESIÓN SERVICIOS PÚBLICOS NOTIFICADA;2538;08/08/2022;Torre Auto Soportada;"38";"700";SHF;20;LTE;OFDMA;52° 16´ 5.4´´;68° 53´ 41.4´´;"-68,895";"-52,268"
"31.660";"644.302";WILL;4G;Estancia Boquerón Km. 20, Sector Bahía Inútil;;Porvenir;Región de Magallanes y de la Antártica Chilena;RESOLUCIÓN MODIFICA CONCESIÓN SERVICIOS PÚBLICOS NOTIFICADA;2496;03/08/2022;Torre Ventada;"60";"2600";UHF;20000;LTE(4G);FDD;53° 27´ 0.9´´;70° 14´ 57.2´´;"-70,249";"-53,45"
"32.086";"648.911";TELEFÓNICA MÓVILES CHILE S.A.;4G;Blanco Encalada;;Natales;Región de Magallanes y de la Antártica Chilena;DECRETO EXENTO NOTIFICADO;283;19/04/2023;Torre Auto Soportada;"18";"2600";UHF;40000;LTE(4G);OFDMA;51° 43´ 34.2´´;72° 30´ 13.63´´;"-72,504";"-51,726"
"11.412";"652.769";Wom;;9 Norte, Sector Aeropuerto;;Punta Arenas;Región de Magallanes y de la Antártica Chilena;RESOLUCIÓN MODIFICA CONCESIÓN SERVICIOS PÚBLICOS NOTIFICADA;2258;19/12/2024;Torre Auto Soportada;"33";"700";UHF;20000;LTE Advanced Pro(5G);FDD;53° 0´ 36.20016´´;70° 49´ 24.30012´´;"-70,823";"-53,01"
"23.496";"653.087";Wom;;Gobernador Bories;;Punta Arenas;Región de Magallanes y de la Antártica Chilena;RESOLUCIÓN MODIFICA CONCESIÓN SERVICIOS PÚBLICOS NOTIFICADA;536;02/04/2025;Azotea;"13";"2100";UHF;30000;LTE(4G);TDMA;53° 9´ 30.200004´´;70° 54´ 15.9´´;"-70,904";"-53,158"
"19.672";"653.705";TELEFÓNICA MÓVILES CHILE S.A.;5G;CALLE SIN NÚMERO A 32 KM DE CERRO SOMBRERO;;Porvenir;Región de Magallanes y de la Antártica Chilena;RESOLUCIÓN MODIFICA CONCESIÓN SERVICIOS PÚBLICOS NOTIFICADA;419;03/03/2023;Torre Ventada;"64";"3500";UHF;50000;5G(5G);OFDMA;53° 4´ 22´´;69° 20´ 43´´;"-69,345";"-53,073"
"11.423";"681.253";CLARO CHILE SPA.;5G;Base Naval Puerto Williams s/n;;CABO DE HORNOS;Región de Magallanes y de la Antártica Chilena;DECRETO NOTIFICADO;214;26/11/2024;Monoposte;"42";"3500";SHF;50000;5G(5G);;54° 56´ 2.1012´´;67° 36´ 32.1012´´;"-67,609";"-54,934"
"17.031";"682.017";TELEFÓNICA MÓVILES CHILE S.A.;4G;GENERAL DEL CANTON° 0299 ESQ.SARGENTO ALDEA;;Punta Arenas;Región de Magallanes y de la Antártica Chilena;RESOLUCIÓN MODIFICA CONCESIÓN SERVICIOS PÚBLICOS NOTIFICADA;1448;18/08/2025;Torre Auto Soportada;"30";"2600";UHF;40000;LTE(4G);OFDMA;53° 8´ 56´´;70° 54´ 54´´;"-70,915";"-53,149"
"14.923";"682.189";TELEFÓNICA MÓVILES CHILE S.A.;4G;CORONEL JOSE DE LOS SANTOS MARDONES N° 1695;;Punta Arenas;Región de Magallanes y de la Antártica Chilena;RESOLUCIÓN MODIFICA CONCESIÓN SERVICIOS PÚBLICOS NOTIFICADA;1285;31/07/2025;Torre Auto Soportada;"30";"2600";UHF;20000;LTE(4G);OFDMA;53° 8´ 5´´;70° 55´ 24´´;"-70,923";"-53,135"
"17.803";"60.810";MOVISTAR MOVIL;2G;Armando Sanhueza Nº 110 - 114;;Punta Arenas;Región de Magallanes y de la Antártica Chilena;RES. NOTIFICADA;60;10/01/2007;Torre Auto Soportada;"30";"1900";UHF;10000;GSM(2G);TDMA;53° 9´ 8´´;70° 54´ 10´´;"-70,903";"-53,152"
"11.430";"470.496";Claro Serv. Empresariales;4G;Gobernador Carlos Bories;;Punta Arenas;Región de Magallanes y de la Antártica Chilena;RESOLUCIÓN MODIFICA CONCESIÓN SERVICIOS PÚBLICOS NOTIFICADA;4131;25/10/2013;Monoposte;"27";"2600";UHF;40000;LTE(4G);FDD;53° 9´ 41.00004´´;70° 54´ 26.989919999999998´´;"-70,907";"-53,161"
"18.595";"483.007";MOVISTAR MOVIL;4G;Julio Roca N°953;;Punta Arenas;Región de Magallanes y de la Antártica Chilena;RESOLUCIÓN MODIFICA CONCESIÓN SERVICIOS PÚBLICOS NOTIFICADA;4309;08/11/2013;Monoposte;"28,5";"2600";UHF;40000;LTE(4G);FDD;53° 9´ 53´´;70° 54´ 20´´;"-70,906";"-53,165"
"17.053";"530.875";MOVISTAR MOVIL;4G;Manuel Aguilar Nº 01776;;Punta Arenas;Región de Magallanes y de la Antártica Chilena;DECRETO NOTIFICADO;71;06/05/2015;Monoposte;"30";"700";UHF;20000;LTE(4G);FDD;53° 8´ 44´´;70° 56´ 22´´;"-70,939";"-53,146"
"17.660";"530.878";MOVISTAR MOVIL;4G;Cerro Kimiriake R-Ch255 Km 106;;San Gregorio;Región de Magallanes y de la Antártica Chilena;DECRETO NOTIFICADO;71;06/05/2015;Torre Auto Soportada;"42";"700";UHF;20000;LTE(4G);FDD;52° 23´ 1´´;69° 45´ 18´´;"-69,755";"-52,384"
"19.873";"530.883";MOVISTAR MOVIL;4G;Parcela 14, Sector Villa Cariño,  Lote 2-0;;Natales;Región de Magallanes y de la Antártica Chilena;DECRETO NOTIFICADO;71;06/05/2015;Monoposte;"3";"700";UHF;20000;LTE(4G);FDD;51° 44´ 6.53´´;72° 27´ 10.19´´;"-72,453";"-51,735"
"14.938";"561.178";WILL;4G;JUAN WILLIAMS N°06503;;Punta Arenas;Región de Magallanes y de la Antártica Chilena;RESOLUCIÓN MODIFICA CONCESIÓN SERVICIOS PÚBLICOS NOTIFICADA;1768;04/09/2017;Torre Auto Soportada;"36";"700";UHF;30000;LTE(4G);FDD;53° 6´ 49´´;70° 52´ 41´´;"-70,878";"-53,114"
"19.668";"561.179";WILL;4G;CORONEL JOSE DE LOS SANTOS MARDONES N°0495;;Punta Arenas;Región de Magallanes y de la Antártica Chilena;RESOLUCIÓN MODIFICA CONCESIÓN SERVICIOS PÚBLICOS NOTIFICADA;1768;04/09/2017;Monoposte;"15";"700";UHF;30000;LTE(4G);FDD;53° 8´ 31.7´´;70° 54´ 27.900000000000002´´;"-70,908";"-53,142"
"23.811";"574.527";CLARO CHILE SPA.;3G;Ignacio Carrera Pinto;;Punta Arenas;Región de Magallanes y de la Antártica Chilena;RESOLUCIÓN MODIFICA CONCESIÓN SERVICIOS PÚBLICOS NOTIFICADA;387;16/02/2018;Torre Auto Soportada;"30";"850";UHF;25000;UMTS(3G);WCDMA;53° 9´ 2´´;70° 56´ 7´´;"-70,935";"-53,151"
"11.430";"583.455";CLARO CHILE SPA.;3G;Gobernador Carlos Bories N°911;;Punta Arenas;Región de Magallanes y de la Antártica Chilena;RESOLUCIÓN MODIFICA CONCESIÓN SERVICIOS PÚBLICOS NOTIFICADA;2628;11/12/2018;Monoposte;"27";"850";UHF;25000;UMTS(3G);FDD;53° 9´ 41.00004´´;70° 54´ 26.989919999999998´´;"-70,907";"-53,161"
"17.631";"584.174";MOVISTAR MOVIL;4G;MARTINEZ DE ALDUNATE N°1471;;Punta Arenas;Región de Magallanes y de la Antártica Chilena;RESOLUCIÓN MODIFICA CONCESIÓN SERVICIOS PÚBLICOS NOTIFICADA;1259;19/06/2019;Torre Auto Soportada;"36";"2600";UHF;40000;LTE(4G);WCDMA;53° 9´ 34´´;70° 55´ 55´´;"-70,932";"-53,159"
"11.436";"586.283";CLARO CHILE SPA.;;Prolongación Calle Mardones, Parcela 110, Sector Pampa Redonda  S/N;;Punta Arenas;Región de Magallanes y de la Antártica Chilena;RESOLUCIÓN MODIFICA CONCESIÓN SERVICIOS PÚBLICOS NOTIFICADA;2624;18/08/2022;Torre Auto Soportada;"36";"700";UHF;20000;LTE(4G);FDD;53° 7´ 4.100016´´;70° 56´ 36.9´´;"-70,944";"-53,118"
"16.827";"597.384";MOVISTAR MOVIL;4G;Cerro Sombrero, Ruta 257, Km 211.5.;;Primavera;Región de Magallanes y de la Antártica Chilena;RESOLUCIÓN MODIFICA CONCESIÓN SERVICIOS PÚBLICOS NOTIFICADA;1207;10/06/2019;Torre Auto Soportada;"36";"2600";UHF;40000;LTE(4G);FDD;52° 46´ 33´´;69° 17´ 28´´;"-69,291";"-52,776"
"18.598";"626.586";Wom;5G;Camino Dorotea Km 3, s/n, Natales, Magallanes Y La Antártica Chilena;;Natales;Región de Magallanes y de la Antártica Chilena;DECRETO NOTIFICADO;32;11/03/2021;Torre Auto Soportada;"25";"2100";UHF;30000;LTE Advanced Pro(5G);OFDMA;51° 42´ 52.6´´;72° 28´ 48.2´´;"-72,48";"-51,715"
"18.597";"630.117";Wom;5G;Cancha Rayada N° 375, Punta Arenas, Magallanes Y La Antártica Chilena;;Punta Arenas;Región de Magallanes y de la Antártica Chilena;DECRETO NOTIFICADO;78;24/05/2021;Monoposte;"29";"3500";SHF;50000;5G(5G);OFDMA;53° 9´ 37´´;70° 55´ 55´´;"-70,932";"-53,16"
"25.920";"630.159";Wom;5G;Av. Cristobal Colon N° 1290, Punta Arenas, Magallanes Y La Antártica Chilena;;Punta Arenas;Región de Magallanes y de la Antártica Chilena;DECRETO NOTIFICADO;78;24/05/2021;Azotea;"30";"3500";SHF;50000;5G(5G);OFDMA;53° 9´ 47.09´´;70° 53´ 47.51´´;"-70,897";"-53,163"
"14.937";"633.232";WILL;3G/5G;"Presidente
Eduardo        Frei
Montalva         N°
0983";;Punta Arenas;Región de Magallanes y de la Antártica Chilena;RESOLUCIÓN MODIFICA CONCESIÓN SERVICIOS PÚBLICOS NOTIFICADA;526;01/03/2022;Torre Auto Soportada;"30";"700";UHF;15000;UMTS(3G)/LTE Advanced Pro(5G);OFDMA;53° 7´ 58´´;70° 54´ 32´´;"-70,909";"-53,133"
"19.920";"634.577";WILL;4G;Lote 1 Rio Tranquilo Estancia Los Baqueano;;Natales;Región de Magallanes y de la Antártica Chilena;RESOLUCIÓN MODIFICA CONCESIÓN SERVICIOS PÚBLICOS NOTIFICADA;745;18/03/2022;Monoposte;"0";"2600";UHF;40000;LTE(4G);OFDMA;51° 47´ 50.99´´;72° 11´ 44´´;"-72,196";"-51,797"
"14.916";"635.086";WILL;4G;Recinto Enap, Cabo Negro;;Punta Arenas;Región de Magallanes y de la Antártica Chilena;RESOLUCIÓN MODIFICA CONCESIÓN SERVICIOS PÚBLICOS NOTIFICADA;1012;31/03/2022;Torre Auto Soportada;"42";"2600";UHF;40000;LTE(4G);OFDMA;52° 56´ 36´´;70° 49´ 11´´;"-70,82";"-52,943"
"16.971";"641.616";WILL;4G;"Calle Roca N°
953";;Punta Arenas;Región de Magallanes y de la Antártica Chilena;RESOLUCIÓN MODIFICA CONCESIÓN SERVICIOS PÚBLICOS NOTIFICADA;1957;22/06/2022;Monoposte;"30";"2600";UHF;20000;LTE(4G);FDD;53° 9´ 52´´;70° 54´ 20´´;"-70,906";"-53,164"
"14.967";"644.486";Wom;;Hijuela 32, Dorotea;;Natales;Región de Magallanes y de la Antártica Chilena;RESOLUCIÓN MODIFICA CONCESIÓN SERVICIOS PÚBLICOS NOTIFICADA;983;18/06/2025;Torre Ventada;"60";"2100";SHF;60000;LTE(4G);OFDMA;51° 36´ 40´´;72° 19´ 11´´;"-72,32";"-51,611"
"25.920";"654.392";Wom;;Cristobal Colón;;Punta Arenas;Región de Magallanes y de la Antártica Chilena;RESOLUCIÓN MODIFICA CONCESIÓN SERVICIOS PÚBLICOS NOTIFICADA;982;18/06/2025;Azotea;"30";"2100";;30000;LTE Advanced Pro(5G);OFDMA;53° 9´ 47.09´´;70° 53´ 47.51´´;"-70,897";"-53,163"
"31.979";"660.227";WILL;4G;Bahía Lomas S/N, al costado de Islote Snipe N°01143;;Punta Arenas;Región de Magallanes y de la Antártica Chilena;RESOLUCIÓN MODIFICA CONCESIÓN SERVICIOS PÚBLICOS NOTIFICADA;1456;05/07/2023;Poste de Concreto;"12";"2600";SHF;40000;LTE(4G);OFDMA;53° 9´ 15.700000000000001´´;70° 56´ 30.900000000000002´´;"-70,942";"-53,154"
"11.423";"680.208";CLARO CHILE SPA.;4G;Base Naval Puerto Williams;;CABO DE HORNOS;Región de Magallanes y de la Antártica Chilena;RESOLUCIÓN MODIFICA CONCESIÓN SERVICIOS PÚBLICOS NOTIFICADA;888;06/06/2025;Monoposte;"42";"700";UHF;10000;LTE(4G);FDD;54° 56´ 2.1012´´;67° 36´ 32.1012´´;"-67,609";"-54,934"
"11.411";"681.049";CLARO CHILE SPA.;5G;Dr. Oscar Munizaga, S/N;;Punta Arenas;Región de Magallanes y de la Antártica Chilena;DECRETO NOTIFICADO;214;26/11/2024;Monoposte;"36";"3500";SHF;50000;5G(5G);;53° 8´ 28.489919999999998´´;70° 53´ 52.68984´´;"-70,898";"-53,141"
"34.263";"681.230";CLARO CHILE SPA.;5G;Predio denominado Prolongación Estancia Wimmy, Parcela N°10;;Natales;Región de Magallanes y de la Antártica Chilena;DECRETO NOTIFICADO;214;26/11/2024;Torre Ventada;"17";"3500";SHF;50000;5G(5G);;51° 55´ 27.8´´;72° 7´ 57.29´´;"-72,133";"-51,924"
"11.414";"681.251";CLARO CHILE SPA.;5G;Simón Bolívar Nº 1455;;Natales;Región de Magallanes y de la Antártica Chilena;DECRETO NOTIFICADO;214;26/11/2024;Monoposte;"30";"3500";SHF;50000;5G(5G);;51° 43´ 47.88984´´;72° 29´ 12.689879999999999´´;"-72,487";"-51,73"
"19.270";"682.774";TELEFÓNICA MÓVILES CHILE S.A.;4G;CERRO DOROTEA S/N (Cerro Dorotea, desde intersección de Ruta 9 con Ruta Y-315, 2,8 Km en dirección Norte);;Natales;Región de Magallanes y de la Antártica Chilena;RESOLUCIÓN MODIFICA CONCESIÓN SERVICIOS PÚBLICOS NOTIFICADA;1517;26/08/2025;Torre Ventada;"21";"2600";SHF;40000;LTE(4G);OFDMA;51° 40´ 50.1´´;72° 26´ 17.5´´;"-72,438";"-51,681"
"18.323";"13.865";Movistar;2G;Ruta 9, Aprox.En Km 1099, Estancia Puro Chile.;;Laguna Blanca;Región de Magallanes y de la Antártica Chilena;DECRETO NOTIFICADO;58;10/01/2007;Torre Auto Soportada;"36";"1900";UHF;10000;GSM(2G);TDMA;52° 22´ 36.43´´;71° 28´ 57.9´´;"-71,483";"-52,377"
"11.421";"440.784";Claro Serv. Empresariales;4G;Ruta Puerto Natales - Punta Arenas Km, 7,2, Sector Mirador Dorotea;;Natales;Región de Magallanes y de la Antártica Chilena;DECRETO NOTIFICADO;78;30/05/2013;Torre Ventada;"24";"2600";UHF;40000;LTE(4G);FDD;51° 40´ 47.600004´´;72° 26´ 15.3´´;"-72,438";"-51,68"
"11.437";"440.787";Claro Serv. Empresariales;4G;Prolongación General del Canto, Parcela N° 4, Sector Mirador Sur;;Punta Arenas;Región de Magallanes y de la Antártica Chilena;DECRETO NOTIFICADO;78;30/05/2013;Torre Auto Soportada;"30";"2600";UHF;40000;LTE(4G);FDD;53° 8´ 33.6012´´;70° 57´ 23.000400000000003´´;"-70,956";"-53,143"
"11.426";"450.974";Claro Serv. Empresariales;4G;Matínez de Aldunate;;Punta Arenas;Región de Magallanes y de la Antártica Chilena;RESOLUCIÓN MODIFICA CONCESIÓN SERVICIOS PÚBLICOS NOTIFICADA;3062;12/08/2013;Torre Auto Soportada;"36";"2600";UHF;40000;LTE(4G);FDD;53° 10´ 39.20016´´;70° 56´ 58.58988´´;"-70,95";"-53,178"
"11.425";"470.494";Claro Serv. Empresariales;4G;Bulnes;;Punta Arenas;Región de Magallanes y de la Antártica Chilena;RESOLUCIÓN MODIFICA CONCESIÓN SERVICIOS PÚBLICOS NOTIFICADA;4131;25/10/2013;Monoposte;"36";"2600";UHF;40000;LTE(4G);FDD;53° 7´ 32.40012´´;70° 52´ 10.89012´´;"-70,87";"-53,126"
"11.421";"530.183";Claro Serv. Empresariales;4G;Ruta Puerto Natales - Punta Arenas Km. 7.2. Sector Mirador Dorotea;;Natales;Región de Magallanes y de la Antártica Chilena;DECRETO NOTIFICADO;65;21/04/2015;Torre Ventada;"24";"700";UHF;20000;LTE(4G);FDD;51° 40´ 47.600004´´;72° 26´ 15.3´´;"-72,438";"-51,68"
"23.496";"561.592";Wom;4G/3G;Gobernador Bories N°647;;Punta Arenas;Región de Magallanes y de la Antártica Chilena;RESOLUCIÓN MODIFICA CONCESIÓN SERVICIOS PÚBLICOS NOTIFICADA;1991;06/10/2017;Azotea;"13";"2100";UHF;60000;UMTS(3G)/LTE(4G);FDD;53° 9´ 30.200004´´;70° 54´ 15.9´´;"-70,904";"-53,158"
"11.434";"586.272";Claro Serv. Empresariales;4G;Camino Interior, Isla Dawson S/N;;Punta Arenas;Región de Magallanes y de la Antártica Chilena;RESOLUCIÓN MODIFICA CONCESIÓN SERVICIOS PÚBLICOS NOTIFICADA;1447;24/08/2020;Torre Ventada;"24";"700";UHF;20000;LTE(4G);FDD;53° 37´ 6´´;70° 28´ 24´´;"-70,473";"-53,618"
"11.412";"586.658";Claro Serv. Empresariales;4G;Ruta 9 Norte, Sector Aeropuerto S/N;;Punta Arenas;Región de Magallanes y de la Antártica Chilena;RESOLUCIÓN MODIFICA CONCESIÓN SERVICIOS PÚBLICOS NOTIFICADA;244;03/02/2020;Torre Auto Soportada;"33";"700";UHF;20000;LTE(4G);FDD;53° 0´ 36.20016´´;70° 49´ 24.30012´´;"-70,823";"-53,01"
"21.206";"610.143";CLARO CHILE SPA.;;Parcela N°10-B, por calle prolongación Gral. Estanislao del Canto;;Punta Arenas;Región de Magallanes y de la Antártica Chilena;RESOLUCIÓN MODIFICA CONCESIÓN SERVICIOS PÚBLICOS NOTIFICADA;2107;07/07/2022;Monoposte;"26";"2600";UHF;40000;LTE(4G);FDD;53° 8´ 35.7´´;70° 55´ 45.800000000000004´´;"-70,929";"-53,143"
"18.600";"625.417";Wom;5G;José Menéndez N° 171, Punta Arenas, Magallanes y La Antártica Chilena;;Punta Arenas;Región de Magallanes y de la Antártica Chilena;DECRETO NOTIFICADO;19;09/03/2021;Monoposte;"14";"700";UHF;20000;LTE Advanced Pro(5G);OFDMA;53° 9´ 29´´;70° 54´ 58´´;"-70,916";"-53,158"
"18.599";"626.587";Wom;5G;Cerro Mirador, Punta Arenas, Magallanes Y La Antártica Chilena;;Punta Arenas;Región de Magallanes y de la Antártica Chilena;DECRETO NOTIFICADO;32;11/03/2021;Torre Ventada;"35";"2100";UHF;30000;LTE Advanced Pro(5G);OFDMA;53° 9´ 25.900000000000002´´;71° 2´ 39.4´´;"-71,044";"-53,157"
"18.594";"630.114";Wom;5G;Hornillas S/N, Punta Arenas, Magallanes Y La Antártica Chilena;;Punta Arenas;Región de Magallanes y de la Antártica Chilena;DECRETO NOTIFICADO;78;24/05/2021;Monoposte;"30";"3500";SHF;50000;5G(5G);OFDMA;53° 8´ 29´´;70° 53´ 53´´;"-70,898";"-53,141"
"14.913";"634.573";WILL;4G;Bahia Catalina S/N, Interior Base Aerea Fach;;Punta Arenas;Región de Magallanes y de la Antártica Chilena;RESOLUCIÓN MODIFICA CONCESIÓN SERVICIOS PÚBLICOS NOTIFICADA;745;18/03/2022;Torre Ventada;"30";"2600";UHF;40000;LTE(4G);OFDMA;53° 0´ 37´´;70° 49´ 34´´;"-70,826";"-53,01"
"32.204";"650.140";TELEFÓNICA MÓVILES CHILE S.A.;;SUBDIVISION HIJUELAS 58 LOTE 1-C RIO DE LA MANO;;Punta Arenas;Región de Magallanes y de la Antártica Chilena;DECRETO EXENTO NOTIFICADO;405;31/05/2023;Torre Auto Soportada;"24";"2600";SHF;40;LTE;OFDMA;53° 10´ 22.41´´;70° 57´ 30.900000000000002´´;"-70,959";"-53,173"
"31.980";"660.228";WILL;4G;Patagonia frente al N°1384;;Natales;Región de Magallanes y de la Antártica Chilena;RESOLUCIÓN MODIFICA CONCESIÓN SERVICIOS PÚBLICOS NOTIFICADA;1456;05/07/2023;Poste de Concreto;"12";"2600";SHF;40000;LTE(4G);OFDMA;51° 43´ 45.92´´;72° 28´ 58.7´´;"-72,483";"-51,729"
"27.006";"676.411";CLARO CHILE SPA.;;Ruta Y-340, Sector Rio Primero;;Natales;Región de Magallanes y de la Antártica Chilena;RESOLUCIÓN MODIFICA CONCESIÓN SERVICIOS PÚBLICOS NOTIFICADA;343;17/02/2025;Torre Auto Soportada;"30";"700";UHF;20000;;;52° 12´ 32.5´´;72° 28´ 36.6´´;"-72,477";"-52,209"
"14.917";"8360";Movistar;2G;Av. Bulnes Nº 04800;;Punta Arenas;Región de Magallanes y de la Antártica Chilena;DECRETO NOTIFICADO;753;27/12/2004;Monoposte;"36";"1900";UHF;20000;GSM(2G);TDMA;53° 7´ 33´´;70° 52´ 10´´;"-70,869";"-53,126"
"11.426";"43.587";CLARO CHILE SPA.;2G;Martinez de Aldunate Nº 3528;;Punta Arenas;Región de Magallanes y de la Antártica Chilena;DECRETO EXENTO NOTIFICADO;511;28/07/2014;Torre Auto Soportada;"36";"850";UHF;25000;GSM(2G);TDMA;53° 10´ 39.20016´´;70° 56´ 58.58988´´;"-70,95";"-53,178"
"14.934";"47.547";ENTEL PCS;2G;SECTOR LLAU, PARCELA Nº 194-3;;Punta Arenas;Región de Magallanes y de la Antártica Chilena;DECRETO EXENTO NOTIFICADO;765;29/09/2009;Torre Ventada;"60";"1900";UHF;30000;GSM(2G);TDMA;53° 7´ 38´´;70° 57´ 50´´;"-70,964";"-53,127"
"17.809";"60.811";MOVISTAR MOVIL;2G;Prolongación Martínez de Aldunate, Parcela 32;;Punta Arenas;Región de Magallanes y de la Antártica Chilena;RES. NOTIFICADA;60;10/01/2007;Torre Auto Soportada;"30";"1900";UHF;10000;GSM(2G);TDMA;53° 10´ 37´´;70° 56´ 52´´;"-70,948";"-53,177"
"14.908";"456.641";WILL;4G;Cerro Mirador;;Punta Arenas;Región de Magallanes y de la Antártica Chilena;DECRETO NOTIFICADO;177;09/11/2012;Torre Ventada;"40";"2600";UHF;40000;LTE(4G);FDD;53° 9´ 24´´;71° 2´ 37´´;"-71,044";"-53,157"
"11.429";"523.763";ENTEL PCS;2G;Colón 1290;;Punta Arenas;Región de Magallanes y de la Antártica Chilena;RESOLUCIÓN MODIFICA CONCESIÓN SERVICIOS PÚBLICOS NOTIFICADA;3619;04/06/2015;Azotea;"30";"1900";UHF;25000;GSM(2G);TDMA/WCDMA;53° 9´ 47.09016´´;70° 53´ 46.38984´´;"-70,896";"-53,163"
"14.948";"529.979";WILL;4G;Estancia Tres Hermanas, Villa Tehuelches;;Laguna Blanca;Región de Magallanes y de la Antártica Chilena;DECRETO EXENTO NOTIFICADO;880;30/08/2018;Torre Ventada;"36";"700";UHF;30000;LTE(4G);FDD;52° 22´ 35´´;71° 28´ 56´´;"-71,482";"-52,376"
"20.379";"530.879";MOVISTAR MOVIL;4G;Predio Miramar S/N. Sector Santa María Providencia Tierra del Fuego;;Porvenir;Región de Magallanes y de la Antártica Chilena;DECRETO NOTIFICADO;71;06/05/2015;Torre Auto Soportada;"60";"700";UHF;20000;LTE(4G);FDD;53° 18´ 36.9´´;70° 22´ 37.95´´;"-70,377";"-53,31"
"20.988";"584.201";MOVISTAR MOVIL;4G;PROLONGACION CARLOS CONDELL PARCELA E1-1  S/N;;Punta Arenas;Región de Magallanes y de la Antártica Chilena;RESOLUCIÓN MODIFICA CONCESIÓN SERVICIOS PÚBLICOS NOTIFICADA;1283;21/06/2019;Monoposte;"18";"2600";UHF;40000;LTE(4G);FDD;53° 8´ 6.7´´;70° 56´ 1.6´´;"-70,934";"-53,135"
"14.932";"588.854";TELEFÓNICA MÓVILES CHILE S.A.;4G;Km 8,5 Ruta 9 Norte N°09606;;Punta Arenas;Región de Magallanes y de la Antártica Chilena;RESOLUCIÓN MODIFICA CONCESIÓN SERVICIOS PÚBLICOS NOTIFICADA;1171;06/06/2019;Torre Ventada;"60";"700";UHF;20000;LTE(4G);FDD;53° 5´ 16´´;70° 52´ 58´´;"-70,883";"-53,088"
"17.809";"602.601";CLARO CHILE SPA.;;Prolongación Martinez de Aldunate, parcela32  S/N;;Punta Arenas;Región de Magallanes y de la Antártica Chilena;RESOLUCIÓN MODIFICA CONCESIÓN SERVICIOS PÚBLICOS NOTIFICADA;1994;22/10/2021;Torre Auto Soportada;"30";"700";UHF;20000;LTE(4G);FDD;53° 10´ 37´´;70° 56´ 52´´;"-70,948";"-53,177"
"11.428";"624.306";Wom;5G;Calle 21 de Septiembre, Punta Arenas, Magallanes y La Antártica Chilena;;Punta Arenas;Región de Magallanes y de la Antártica Chilena;DECRETO NOTIFICADO;19;09/03/2021;Torre Auto Soportada;"42";"700";UHF;20000;LTE Advanced Pro(5G);OFDMA;53° 3´ 38.49012´´;70° 52´ 35.38992´´;"-70,876";"-53,061"
"16.971";"625.414";Wom;5G;Pdte. Julio Roca N° 953, Punta Arenas, Magallanes y La Antártica Chilena;;Punta Arenas;Región de Magallanes y de la Antártica Chilena;DECRETO NOTIFICADO;19;09/03/2021;Monoposte;"30";"700";UHF;20000;LTE Advanced Pro(5G);OFDMA;53° 9´ 52´´;70° 54´ 20´´;"-70,906";"-53,164"
"17.761";"625.441";Wom;5G;Predio Miramar S/N. Sector Providencia Tierra del Fuego, Porvenir, Magallanes y La Antártica Chilena;;Porvenir;Región de Magallanes y de la Antártica Chilena;DECRETO NOTIFICADO;19;09/03/2021;Torre Auto Soportada;"60";"700";UHF;20000;LTE Advanced Pro(5G);OFDMA;53° 18´ 36´´;70° 22´ 38´´;"-70,377";"-53,31"
"17.761";"626.085";Wom;5G;Predio Miramar S/N. Sector Providencia Tierra del Fuego, Porvenir, Magallanes y La Antártica Chilena;;Porvenir;Región de Magallanes y de la Antártica Chilena;DECRETO NOTIFICADO;19;09/03/2021;Torre Auto Soportada;"60";"700";UHF;20000;LTE Advanced Pro(5G);OFDMA;53° 18´ 36´´;70° 22´ 38´´;"-70,377";"-53,31"
"26.669";"626.614";Wom;5G;Calle 18 de Septiembre N° 1141, Natales, Magallanes Y La Antártica Chilena;;Natales;Región de Magallanes y de la Antártica Chilena;DECRETO NOTIFICADO;32;11/03/2021;Monoposte;"0";"2100";UHF;30000;LTE Advanced Pro(5G);OFDMA;51° 44´ 0.9´´;72° 29´ 7.3´´;"-72,485";"-51,734"
"14.957";"626.619";Wom;5G;Calle Via tres, Puerto Williams, Cabo De Hornos, Magallanes Y La Antártica Chilena;;CABO DE HORNOS;Región de Magallanes y de la Antártica Chilena;DECRETO NOTIFICADO;32;11/03/2021;Torre Ventada;"48";"2100";UHF;30000;LTE Advanced Pro(5G);OFDMA;54° 56´ 17´´;67° 36´ 34´´;"-67,609";"-54,938"
"31.660";"628.035";ENTEL TELEFONIA LOCAL S.A.;5G;ESTANCIA BOQUERÓN, KM. 20 BAHÍA INÚTIL, COMUNA PORVENIR, COMUNA DE PORVENIR, REGIÓN DE MAGALLANES Y DE LA ANTÁRTICA CHILENA;;Porvenir;Región de Magallanes y de la Antártica Chilena;DECRETO NOTIFICADO;76;24/05/2021;Torre Ventada;"60";"3500";SHF;50000;5G(5G);OFDMA;53° 27´ 0.9´´;70° 14´ 57.2´´;"-70,249";"-53,45"
"14.939";"628.142";ENTEL TELEFONIA LOCAL S.A.;5G;OJO BUENO LOTE 1 PARCELA 1, COMUNA DE PUNTA ARENAS, REGIÓN DE MAGALLANES Y DE LA ANTÁRTICA CHILENA;;Punta Arenas;Región de Magallanes y de la Antártica Chilena;DECRETO NOTIFICADO;76;24/05/2021;Torre Ventada;"21";"3500";SHF;50000;5G(5G);OFDMA;53° 2´ 13´´;70° 53´ 39´´;"-70,894";"-53,037"
"18.598";"630.118";Wom;5G;Camino Dorotea Km 3, s/n, Natales, Magallanes Y La Antártica Chilena;;Natales;Región de Magallanes y de la Antártica Chilena;DECRETO NOTIFICADO;78;24/05/2021;Torre Auto Soportada;"25";"3500";SHF;50000;5G(5G);OFDMA;51° 42´ 52.6´´;72° 28´ 48.2´´;"-72,48";"-51,715"
"18.599";"630.119";Wom;5G;Cerro Mirador, Punta Arenas, Magallanes Y La Antártica Chilena;;Punta Arenas;Región de Magallanes y de la Antártica Chilena;DECRETO NOTIFICADO;78;24/05/2021;Torre Ventada;"35";"3500";SHF;50000;5G(5G);OFDMA;53° 9´ 25.900000000000002´´;71° 2´ 39.4´´;"-71,044";"-53,157"
"14.957";"630.158";Wom;5G;Calle Via tres, Puerto Williams, Cabo De Hornos, Magallanes Y La Antártica Chilena;;CABO DE HORNOS;Región de Magallanes y de la Antártica Chilena;DECRETO NOTIFICADO;78;24/05/2021;Torre Ventada;"48";"3500";SHF;50000;5G(5G);OFDMA;54° 56´ 17´´;67° 36´ 34´´;"-67,609";"-54,938"
"14.931";"633.231";WILL;3G/5G;"Av.                   Los
Famencos        N°
0845";;Punta Arenas;Región de Magallanes y de la Antártica Chilena;RESOLUCIÓN MODIFICA CONCESIÓN SERVICIOS PÚBLICOS NOTIFICADA;526;01/03/2022;Torre Ventada;"36";"700";UHF;15000;UMTS(3G)/LTE Advanced Pro(5G);OFDMA;53° 7´ 18´´;70° 54´ 22´´;"-70,906";"-53,122"
"14.957";"634.572";WILL;4G;Via Dos (Capdeville) S/N, Puerto Williams;;CABO DE HORNOS;Región de Magallanes y de la Antártica Chilena;RESOLUCIÓN MODIFICA CONCESIÓN SERVICIOS PÚBLICOS NOTIFICADA;745;18/03/2022;Torre Ventada;"48";"2600";UHF;40000;LTE(4G);OFDMA;54° 56´ 17´´;67° 36´ 34´´;"-67,609";"-54,938"
"26.281";"643.544";TELEFÓNICA MÓVILES CHILE S.A.;4G;ESTANCIA 5 DE ENERO S/N;;San Gregorio;Región de Magallanes y de la Antártica Chilena;RESOLUCIÓN MODIFICA CONCESIÓN SERVICIOS PÚBLICOS NOTIFICADA;2379;26/07/2022;Torre Ventada;"1";"700";SHF;20000;LTE(4G);OFDMA;52° 33´ 38.300000000000004´´;70° 20´ 53´´;"-70,348";"-52,561"
"14.910";"681.748";TELEFÓNICA MÓVILES CHILE S.A.;4G;CIRUJANO VIDELA S/N ( Cirujano Videla esquina Gral. Juan Salvo );;Punta Arenas;Región de Magallanes y de la Antártica Chilena;RESOLUCIÓN MODIFICA CONCESIÓN SERVICIOS PÚBLICOS NOTIFICADA;1004;24/06/2025;Torre Auto Soportada;"36";"2600";UHF;40000;LTE(4G);;53° 8´ 47´´;70° 55´ 16´´;"-70,921";"-53,146"
"14.938";"683.632";TELEFÓNICA MÓVILES CHILE S.A.;;JUAN WILLIAMS N° 06503;;Punta Arenas;Región de Magallanes y de la Antártica Chilena;RESOLUCIÓN MODIFICA CONCESIÓN SERVICIOS PÚBLICOS NOTIFICADA;1777;29/09/2025;Torre Auto Soportada;"36";"700";UHF;20000;LTE;OFDMA;53° 6´ 49´´;70° 52´ 41´´;"-70,878";"-53,114"
"17.582";"683.742";TELEFÓNICA MÓVILES CHILE S.A.;;KM 13.5 RUT NORTE FUNDO LOS ROBLES LT 17-B1 SECTOR RIO SECO ( Desde intersección de Ruta 9 (camino Aeropuerto) con ruta Y-540, 600 mts en dirección No;;Punta Arenas;Región de Magallanes y de la Antártica Chilena;RESOLUCIÓN MODIFICA CONCESIÓN SERVICIOS PÚBLICOS NOTIFICADA;1939;14/10/2025;Torre Auto Soportada;"30";"2600";UHF;40000;LTE;OFDMA;53° 3´ 11´´;70° 53´ 41´´;"-70,895";"-53,053"
